Workbook

Sheet tot_cost
A1: 1 | B1: 2
A2: 152800.64 | B2: 152312.56

Sheet C_strg_agg
A1: 1 | B1: 2
A2: 1615358 | B2: 970888.98
A3: =A2/2000000 -> 0.80767899 | B3: =B2/2000000 -> 0.48544449 | C3: =C2/2000000 -> 0 | D3: =D2/2000000 -> 0 | E3: =E2/2000000 -> 0 | F3: =F2/2000000 -> 0 | G3: =G2/2000000 -> 0 | H3: =H2/2000000 -> 0 | ... CV3: =CV2/2000000 -> 0

Sheet storage_max
A1: 1 | B1: 2
A2: 2996763.4 | B2: 970888.98

Sheet eltoH2
B1: 2010 | C1: 2010 | D1: 2020 | E1: 2020 | F1: 2030 | G1: 2030 | H1: 2040 | I1: 2040 | J1: 2050 | K1: 2050 | L1: 2060 | M1: 2060 | N1: 2070 | O1: 2070 | P1: 2080 | Q1: 2080 | R1: 2090 | S1: 2090 | T1: 2100 | U1: 2100 | V1: 2110 | W1: 2110 | X1: 2120 | Y1: 2120 | Z1: 2130 | AA1: 2130 | AB1: 2140 | AC1: 2140 | AD1: 2150 | AE1: 2150
B2: 1 | C2: 2 | D2: 1 | E2: 2 | F2: 1 | G2: 2 | H2: 1 | I2: 2 | J2: 1 | K2: 2 | L2: 1 | M2: 2 | N2: 1 | O2: 2 | P2: 1 | Q2: 2 | R2: 1 | S2: 2 | T2: 1 | U2: 2 | V2: 1 | W2: 2 | X2: 1 | Y2: 2 | Z2: 1 | AA2: 2 | AB2: 1 | AC2: 2 | AD2: 1 | AE2: 2
A3: EUR | B3: 2.0811933e-10 | C3: 1.4125676e-10 | D3: 3.1697481e-10 | E3: 2.0892639e-10 | F3: 6.878457e-10 | G3: 4.5730664e-10 | H3: 1.1003305e-09 | I3: 6.5899209e-10 | J3: 7.807204e-09 | K3: 4.8228491e-09 | L3: 0.077216586 | M3: 1.8501371e-08 | N3: 0.62941781 | O3: 0.006893299 | P3: 1.2187744 | Q3: 0.10729233 | R3: 2.8091229 | S3: 0.93511759 | T3: 3.9706401 | U3: 1.2362123 | V3: 1.6379027 | W3: 0.66700948 | X3: 1.7267618 | Y3: 0.63453083 | Z3: 1.2229438 | AA3: 1.4244246 | AB3: 1.0178609 | AC3: 4.1510161 | AD3: 0.64043613 | AE3: 4.3569302
A4: NAM | B4: 3.8899348e-10 | C4: 2.6407487e-10 | D4: 0.060366846 | E4: 0.053409372 | F4: 1.1762238e-09 | G4: 7.8703277e-10 | H4: 0.010880023 | I4: 9.6144463e-10 | J4: 6.0576052e-09 | K4: 1.4210935e-08 | L4: 0.098798372 | M4: 0.086222845 | N4: 0.79790904 | O4: 0.58253448 | P4: 1.8128346 | Q4: 1.0334057 | R4: 5.2233173 | S4: 1.8370378 | T4: 10.478015 | U4: 5.5682681 | V4: 6.4113372 | W4: 4.0945497 | X4: 4.2905621 | Y4: 4.9545751 | Z4: 3.0381589 | AA4: 8.3854378 | AB4: 2.0637916 | AC4: 9.0307278 | AD4: 1.3143656 | AE4: 8.8011752
A5: PAO | B5: 1.4779144e-10 | C5: 1.0063401e-10 | D5: 1.1295346e-10 | E5: 7.9787618e-11 | F5: 5.5806246e-10 | G5: 3.3454277e-10 | H5: 0.00055812947 | I5: 9.4421243e-10 | J5: 8.8347838e-09 | K5: 6.098083e-09 | L5: 0.72083143 | M5: 0.010495824 | N5: 2.3275076 | O5: 0.13085024 | P5: 3.8242216 | Q5: 0.86591781 | R5: 6.4780989 | S5: 1.3383064 | T5: 8.680224 | U5: 3.9117204 | V5: 5.2266897 | W5: 2.5428175 | X5: 3.9836376 | Y5: 2.5276435 | Z5: 3.7478924 | AA5: 6.1190074 | AB5: 3.9424904 | AC5: 7.3187667 | AD5: 3.2055673 | AE5: 7.264333
A6: FSU | B6: 2.127868e-10 | C6: 1.439563e-10 | D6: 2.4680807e-10 | E6: 1.6849443e-10 | F6: 8.2001747e-10 | G6: 5.0955925e-10 | H6: 1.8807543e-09 | I6: 1.1712606e-09 | J6: 3.5645561e-09 | K6: 3.0700729e-09 | L6: 0.00054026313 | M6: 9.0671197e-09 | N6: 0.097420151 | O6: 1.9466502e-08 | P6: 0.82475611 | Q6: 0.012435369 | R6: 3.3773007 | S6: 0.10308021 | T6: 5.5449844 | U6: 0.5030714 | V6: 2.4935084 | W6: 0.25731303 | X6: 2.1817223 | Y6: 0.51640738 | Z6: 1.8873135 | AA6: 0.92341333 | AB6: 1.3524715 | AC6: 1.8456279 | AD6: 0.90816948 | AE6: 1.4700255
A7: LAM | B7: 2.8491017e-10 | C7: 1.9429269e-10 | D7: 1.0709434e-10 | E7: 7.2954923e-11 | F7: 1.0380525e-09 | G7: 6.2554652e-10 | H7: 2.6077531e-09 | I7: 1.110398e-09 | J7: 3.531826e-09 | K7: 9.1828836e-09 | L7: 0.00025342942 | M7: 0.028308686 | N7: 0.02128493 | O7: 0.26608662 | P7: 0.30085632 | Q7: 1.0294408 | R7: 2.852004 | S7: 3.2029193 | T7: 9.652379 | U7: 3.7245447 | V7: 4.1201262 | W7: 2.6113607 | X7: 2.7322957 | Y7: 3.4675468 | Z7: 2.9064893 | AA7: 12.39267 | AB7: 2.6690241 | AC7: 22.5576 | AD7: 1.774476 | AE7: 24.840889
A8: CPA | B8: 2.0573445e-10 | C8: 1.3925678e-10 | D8: 4.629892e-10 | E8: 3.0090165e-10 | F8: 5.9659092e-10 | G8: 4.1905051e-10 | H8: 1.2271507e-09 | I8: 6.315799e-10 | J8: 8.5435249e-06 | K8: 0.00040220832 | L8: 0.25239525 | M8: 0.014269256 | N8: 2.1703726 | O8: 0.15257039 | P8: 3.6555315 | Q8: 0.67163065 | R8: 8.3153789 | S8: 1.8167303 | T8: 13.054954 | U8: 5.7135857 | V8: 5.6691881 | W8: 2.7505647 | X8: 4.1069911 | Y8: 4.6883974 | Z8: 4.0151447 | AA8: 14.05314 | AB8: 3.8165357 | AC8: 15.961428 | AD8: 3.3064606 | AE8: 13.985167
A9: AFR | B9: 1.4817036e-10 | C9: 1.0080495e-10 | D9: 1.1344174e-10 | E9: 7.5596883e-11 | F9: 5.7576274e-10 | G9: 3.8333069e-10 | H9: 1.4620198e-09 | I9: 6.0014009e-10 | J9: 4.0396008e-09 | K9: 3.2684806e-09 | L9: 0.0053256339 | M9: 0.0014974765 | N9: 0.18232539 | O9: 0.054756654 | P9: 1.6021176 | Q9: 0.29029809 | R9: 14.106428 | S9: 2.2690961 | T9: 34.231651 | U9: 3.9370038 | V9: 13.592395 | W9: 2.648831 | X9: 10.541655 | Y9: 3.8956649 | Z9: 10.052946 | AA9: 24.32485 | AB9: 8.8025728 | AC9: 31.864989 | AD9: 8.3835887 | AE9: 37.088741
A10: SAS | B10: 9.2234391e-11 | C10: 6.4296686e-11 | D10: 8.0837602e-11 | E10: 5.6149618e-11 | F10: 3.26137e-10 | G10: 2.5280429e-10 | H10: 8.2048841e-10 | I10: 4.4789807e-10 | J10: 2.1210499e-08 | K10: 5.0236716e-09 | L10: 0.15828681 | M10: 0.0063167481 | N10: 1.4820756 | O10: 0.07577803 | P10: 2.0514472 | Q10: 0.71891315 | R10: 2.5972321 | S10: 1.1799789 | T10: 2.4704881 | U10: 1.4895644 | V10: 1.4253617 | W10: 0.52530535 | X10: 0.88945021 | Y10: 0.66727363 | Z10: 0.76026991 | AA10: 0.96067277 | AB10: 0.54823397 | AC10: 2.1297904 | AD10: 0.74750755 | AE10: 2.128504
A11: PAS | B11: 1.4623662e-10 | C11: 9.9582324e-11 | D11: 8.6516681e-11 | E11: 5.8395784e-11 | F11: 3.3103728e-10 | G11: 2.4364193e-10 | H11: 6.2743013e-10 | I11: 4.03652e-10 | J11: 1.9671359e-08 | K11: 1.1209797e-08 | L11: 0.48271311 | M11: 0.0087557048 | N11: 1.0662583 | O11: 0.099442111 | P11: 0.74978698 | Q11: 0.47687717 | R11: 0.36068232 | S11: 0.57205862 | T11: 0.32623814 | U11: 0.39139406 | V11: 0.37998459 | W11: 0.36422375 | X11: 0.25566805 | Y11: 0.87772442 | Z11: 0.16764668 | AA11: 0.55638418 | AB11: 0.13331421 | AC11: 0.43627574 | AD11: 0.36446175 | AE11: 1.2190147
A12: MEA | B12: 8.9640218e-11 | C12: 6.1341396e-11 | D12: 7.8984291e-11 | E12: 5.3095707e-11 | F12: 5.9066582e-10 | G12: 2.7745334e-10 | H12: 9.9119951e-06 | I12: 1.0056812e-09 | J12: 3.9690838e-06 | K12: 0.0005558565 | L12: 0.84134141 | M12: 0.036627968 | N12: 1.9177272 | O12: 0.32508073 | P12: 4.6944962 | Q12: 2.8575434 | R12: 6.1185212 | S12: 5.868482 | T12: 9.6400444 | U12: 8.6371632 | V12: 4.8996999 | W12: 6.2554572 | X12: 3.3751543 | Y12: 8.680124 | Z12: 2.8469887 | AA12: 12.756142 | AB12: 3.7866181 | AC12: 15.13061 | AD12: 3.4516004 | AE12: 13.118264

Sheet H2toMeOH
B1: 2010 | C1: 2010 | D1: 2020 | E1: 2020 | F1: 2030 | G1: 2030 | H1: 2040 | I1: 2040 | J1: 2050 | K1: 2050 | L1: 2060 | M1: 2060 | N1: 2070 | O1: 2070 | P1: 2080 | Q1: 2080 | R1: 2090 | S1: 2090 | T1: 2100 | U1: 2100 | V1: 2110 | W1: 2110 | X1: 2120 | Y1: 2120 | Z1: 2130 | AA1: 2130 | AB1: 2140 | AC1: 2140 | AD1: 2150 | AE1: 2150
B2: 1 | C2: 2 | D2: 1 | E2: 2 | F2: 1 | G2: 2 | H2: 1 | I2: 2 | J2: 1 | K2: 2 | L2: 1 | M2: 2 | N2: 1 | O2: 2 | P2: 1 | Q2: 2 | R2: 1 | S2: 2 | T2: 1 | U2: 2 | V2: 1 | W2: 2 | X2: 1 | Y2: 2 | Z2: 1 | AA2: 2 | AB2: 1 | AC2: 2 | AD2: 1 | AE2: 2
A3: EUR | B3: 0 | C3: 0 | D3: 0 | E3: 0 | F3: 1.9597598e-10 | G3: 1.0797874e-10 | H3: 3.288296e-10 | I3: 1.778361e-10 | J3: 9.069408e-09 | K3: 1.8846337e-10 | L3: 7.8561216e-10 | M3: 2.3330158e-10 | N3: 1.5462599e-09 | O3: 3.5104277e-10 | P3: 1.935901e-08 | Q3: 6.0707398e-10 | R3: 1.4532817e-05 | S3: 9.9818608e-10 | T3: 1.0036218e-05 | U3: 2.6433893e-09 | V3: 2.115958e-08 | W3: 7.434841e-09 | X3: 3.4368069e-08 | Y3: 1.4466932e-08 | Z3: 3.4311375e-08 | AA3: 6.4146167e-07 | AB3: 5.6190605e-08 | AC3: 2.1060499e-07 | AD3: 9.5208806e-08 | AE3: 6.081393e-07
A4: NAM | B4: 0 | C4: 0 | D4: 0 | E4: 0 | F4: 2.9061839e-10 | G4: 1.3225538e-10 | H4: 4.2080332e-10 | I4: 1.8573039e-10 | J4: 1.1369868 | K4: 1.7244584e-10 | L4: 1.9981844e-09 | M4: 1.9725848e-10 | N4: 2.0200144e-09 | O4: 3.9885096e-10 | P4: 4.9476023e-09 | Q4: 6.687278e-10 | R4: 0.28082562 | S4: 1.1468518e-09 | T4: 0.6676125 | U4: 5.4364485e-09 | V4: 1.5587317e-08 | W4: 6.5697741e-09 | X4: 1.7417409e-08 | Y4: 0.08806521 | Z4: 2.719174e-08 | AA4: 0.92136903 | AB4: 5.9902855e-08 | AC4: 0.61255934 | AD4: 1.0628755e-07 | AE4: 0.40725444
A5: PAO | B5: 0 | C5: 0 | D5: 0 | E5: 0 | F5: 1.9091323e-10 | G5: 1.0572441e-10 | H5: 3.4209285e-10 | I5: 1.824557e-10 | J5: 4.9668298e-09 | K5: 1.9372319e-10 | L5: 7.2009189e-10 | M5: 2.3110606e-10 | N5: 1.4692743e-09 | O5: 3.9447292e-10 | P5: 6.2010544e-09 | Q5: 6.2741086e-10 | R5: 0.0973657 | S5: 1.1386884e-09 | T5: 1.0083979 | U5: 3.5588129e-09 | V5: 2.2669098e-08 | W5: 5.4064361e-09 | X5: 1.6199896e-07 | Y5: 0.15733905 | Z5: 2.9148784e-07 | AA5: 1.5695991 | AB5: 3.6498093e-06 | AC5: 1.3729312 | AD5: 1.536667e-07 | AE5: 1.6475167
A6: FSU | B6: 0 | C6: 0 | D6: 0 | E6: 0 | F6: 3.3363252e-10 | G6: 2.0564223e-10 | H6: 6.0911628e-10 | I6: 2.7832044e-10 | J6: 0.099520814 | K6: 2.474315e-10 | L6: 1.2034259e-09 | M6: 2.3148092e-10 | N6: 1.5867749e-09 | O6: 3.9964871e-10 | P6: 4.8411781e-09 | Q6: 5.600854e-10 | R6: 0.060764905 | S6: 9.7236837e-10 | T6: 0.48527866 | U6: 4.4630624e-09 | V6: 1.0476085e-08 | W6: 4.6827045e-09 | X6: 1.846607e-08 | Y6: 5.5033999e-08 | Z6: 2.7999922e-08 | AA6: 0.060228506 | AB6: 4.5661162e-08 | AC6: 0.072273499 | AD6: 8.1849503e-08 | AE6: 0.048049596
A7: LAM | B7: 0 | C7: 0 | D7: 0 | E7: 0 | F7: 6.704004e-10 | G7: 2.6719665e-10 | H7: 5.8629389e-10 | I7: 1.5790274e-10 | J7: 1.0334142 | K7: 1.6521442e-10 | L7: 2.948036e-09 | M7: 2.1090035e-10 | N7: 2.3555833e-09 | O7: 3.290471e-10 | P7: 0.16045681 | Q7: 6.9451713e-10 | R7: 0.76015664 | S7: 1.5175354e-09 | T7: 3.312931 | U7: 5.6787863e-09 | V7: 0.22315066 | W7: 1.6736431e-08 | X7: 7.3163137e-08 | Y7: 0.29611315 | Z7: 8.3700895e-08 | AA7: 2.8681827 | AB7: 7.8139949e-08 | AC7: 1.9068636 | AD7: 1.0231413e-07 | AE7: 1.2677479
A8: CPA | B8: 0 | C8: 0 | D8: 0 | E8: 0 | F8: 3.9074619e-10 | G8: 7.4552451e-11 | H8: 2.5573213e-10 | I8: 1.4172735e-10 | J8: 1.3794912e-09 | K8: 1.6360427e-10 | L8: 7.3619045e-10 | M8: 1.920008e-10 | N8: 1.5009154e-09 | O8: 3.2103919e-10 | P8: 1.0008344e-05 | Q8: 5.9009672e-10 | R8: 0.28082528 | S8: 1.1654769e-09 | T8: 0.18685428 | U8: 4.2011112e-09 | V8: 2.350806e-08 | W8: 1.0999326e-08 | X8: 5.1617182e-08 | Y8: 0.46332532 | Z8: 9.9029754e-06 | AA8: 4.4328729 | AB8: 9.8478614e-06 | AC8: 3.561467 | AD8: 9.2386914e-06 | AE8: 2.3677851
A9: AFR | B9: 0 | C9: 0 | D9: 0 | E9: 0 | F9: 4.0151148e-10 | G9: 1.6282367e-10 | H9: 6.0066341e-10 | I9: 2.8631941e-10 | J9: 0.11763249 | K9: 2.0583259e-10 | L9: 1.131667e-09 | M9: 2.462007e-10 | N9: 1.9759945e-09 | O9: 3.2221158e-10 | P9: 1.1129142e-08 | Q9: 7.1079175e-10 | R9: 2.0910149 | S9: 1.4813728e-09 | T9: 10.846199 | U9: 8.381239e-09 | V9: 2.2751365e-07 | W9: 8.5422858e-09 | X9: 2.6799396e-07 | Y9: 1.0218862 | Z9: 7.5943626e-08 | AA9: 9.6446919 | AB9: 1.2787944e-07 | AC9: 6.4121092 | AD9: 1.9942541e-07 | AE9: 4.2629837
A10: SAS | B10: 0 | C10: 0 | D10: 0 | E10: 0 | F10: 3.4542961e-10 | G10: 1.8879993e-10 | H10: 2.2709654e-10 | I10: 1.2788482e-10 | J10: 1.9360071e-09 | K10: 1.8334933e-10 | L10: 7.4261897e-10 | M10: 2.609123e-10 | N10: 2.1080201e-09 | O10: 4.9363985e-10 | P10: 9.9760087e-06 | Q10: 7.7083445e-10 | R10: 1.0010885e-05 | S10: 1.3211388e-09 | T10: 1.0002072e-05 | U10: 4.3652485e-09 | V10: 9.8677405e-06 | W10: 9.2180371e-09 | X10: 9.8879012e-06 | Y10: 5.2041245e-08 | Z10: 9.5983127e-06 | AA10: 1.7037255e-07 | AB10: 9.2554857e-06 | AC10: 8.3418841e-08 | AD10: 6.6507956e-06 | AE10: 8.7183315e-06
A11: PAS | B11: 0 | C11: 0 | D11: 0 | E11: 0 | F11: 4.5344615e-10 | G11: 1.0300796e-10 | H11: 3.0826031e-10 | I11: 1.6329941e-10 | J11: 5.4329865e-09 | K11: 1.685767e-10 | L11: 7.6697952e-10 | M11: 2.2646293e-10 | N11: 1.7272353e-09 | O11: 3.8616776e-10 | P11: 5.1646908e-09 | Q11: 5.9048277e-10 | R11: 4.3607331e-09 | S11: 7.0780027e-10 | T11: 6.0029841e-08 | U11: 1.3775043e-09 | V11: 1.9192706e-08 | W11: 3.646365e-09 | X11: 6.9439632e-08 | Y11: 4.6767943e-09 | Z11: 5.0449925e-08 | AA11: 5.2841764e-09 | AB11: 2.1057507e-07 | AC11: 1.0077623e-08 | AD11: 1.0306252e-07 | AE11: 1.6858519e-08
A12: MEA | B12: 0 | C12: 0 | D12: 0 | E12: 0 | F12: 3.1008482e-10 | G12: 7.7577197e-11 | H12: 6.8781672e-10 | I12: 2.0799588e-10 | J12: 3.4729629e-09 | K12: 2.528807e-10 | L12: 1.0877938e-09 | M12: 2.3923538e-10 | N12: 5.8424337e-09 | O12: 5.1265308e-10 | P12: 0.040367515 | Q12: 1.0239567e-09 | R12: 0.46289882 | S12: 1.6730245e-09 | T12: 2.7279671 | U12: 9.2398982e-09 | V12: 1.8279592e-07 | W12: 4.370258e-08 | X12: 1.5086895e-07 | Y12: 3.4243031 | Z12: 6.4728273e-08 | AA12: 4.895424 | AB12: 1.1726418e-07 | AC12: 3.2546399 | AD12: 1.0291769e-07 | AE12: 2.1637937

Sheet MeOHtotrsp
B1: 2010 | C1: 2010 | D1: 2020 | E1: 2020 | F1: 2030 | G1: 2030 | H1: 2040 | I1: 2040 | J1: 2050 | K1: 2050 | L1: 2060 | M1: 2060 | N1: 2070 | O1: 2070 | P1: 2080 | Q1: 2080 | R1: 2090 | S1: 2090 | T1: 2100 | U1: 2100 | V1: 2110 | W1: 2110 | X1: 2120 | Y1: 2120 | Z1: 2130 | AA1: 2130 | AB1: 2140 | AC1: 2140 | AD1: 2150 | AE1: 2150
B2: 1 | C2: 2 | D2: 1 | E2: 2 | F2: 1 | G2: 2 | H2: 1 | I2: 2 | J2: 1 | K2: 2 | L2: 1 | M2: 2 | N2: 1 | O2: 2 | P2: 1 | Q2: 2 | R2: 1 | S2: 2 | T2: 1 | U2: 2 | V2: 1 | W2: 2 | X2: 1 | Y2: 2 | Z2: 1 | AA2: 2 | AB2: 1 | AC2: 2 | AD2: 1 | AE2: 2
A3: EUR | B3: 2.1193477e-10 | C3: 1.465169e-10 | D3: 0.27857358 | E3: 0.27857358 | F3: 0.94374813 | G3: 0.94374813 | H3: 0.77111093 | I3: 2.6690396 | J3: 0.39224221 | K3: 2.1807997 | L3: 0.20492093 | M3: 5.5856334 | N3: 0.11065482 | O3: 7.7454857 | P3: 0.063874349 | Q3: 8.6543196 | R3: 0.28081518 | S3: 7.9432814 | T3: 0.22944664 | U3: 6.6188937 | V3: 0.16180857 | W3: 8.2869109 | X3: 0.11444881 | Y3: 9.6758754 | Z3: 0.081123048 | AA3: 9.8540403 | AB3: 0.057588782 | AC3: 9.3935136 | AD3: 0.040927079 | AE3: 9.2823005
A4: NAM | B4: 1.7972093e-10 | C4: 1.2268416e-10 | D4: 0.27857358 | E4: 0.27857358 | F4: 0.94374813 | G4: 0.94374813 | H4: 0.77111093 | I4: 2.6690396 | J4: 0.39758777 | K4: 6.6575411 | L4: 0.21115573 | M4: 7.9890513 | N4: 0.10919787 | O4: 9.5868637 | P4: 0.064601683 | Q4: 9.0570077 | R4: 0.28081563 | S4: 8.4472802 | T4: 0.23549514 | U4: 7.0193567 | V4: 0.14992424 | W4: 8.7057351 | X4: 0.097806676 | Y4: 9.192669 | Z4: 0.065165462 | AA4: 9.7035477 | AB4: 0.044162228 | AC4: 9.1403981 | AD4: 0.03032899 | AE4: 8.6622828
A5: PAO | B5: 4.517772e-10 | C5: 3.089956e-10 | D5: 0.27857358 | E5: 0.27857358 | F5: 0.94374813 | G5: 0.94374813 | H5: 0.77111093 | I5: 2.2067687 | J5: 0.34539432 | K5: 1.8030907 | L5: 0.15417423 | M5: 1.5282807 | N5: 0.068906482 | O5: 2.6565365 | P5: 0.12516075 | Q5: 2.3379902 | R5: 0.097355808 | S5: 2.0036059 | T5: 0.081049853 | U5: 1.3360656 | V5: 0.056393827 | W5: 2.36256 | X5: 0.039501156 | Y5: 2.6595252 | Z5: 0.027803922 | AA5: 3.4747885 | AB5: 0.019640003 | AC5: 3.224093 | AD5: 0.013909535 | AE5: 3.4474753
A6: FSU | B6: 1.943289e-10 | C6: 1.3307673e-10 | D6: 0.27857358 | E6: 0.27857358 | F6: 0.94374813 | G6: 0.94374813 | H6: 2.4990758 | I6: 2.5184525 | J6: 1.4474202 | K6: 2.3368601 | L6: 0.86838547 | M6: 2.5555591 | N6: 0.54636784 | O6: 3.160271 | P6: 0.36382852 | Q6: 2.7346686 | R6: 0.29538132 | S6: 2.4520175 | T6: 0.27503319 | U6: 1.7453318 | V6: 0.195929 | W6: 2.6162132 | X6: 0.1381646 | Y6: 3.2539666 | Z6: 0.09772201 | AA6: 3.8634636 | AB6: 0.069265737 | AC6: 3.7777207 | AD6: 0.049171863 | AE6: 3.6983647
A7: LAM | B7: 1.6258133e-10 | C7: 1.1070638e-10 | D7: 0.27857358 | E7: 0.27857358 | F7: 0.94374813 | G7: 0.94374813 | H7: 2.6690396 | I7: 2.6690396 | J7: 1.6126904 | K7: 2.4994409 | L7: 0.82912285 | M7: 2.7813194 | N7: 0.4422906 | O7: 3.9485025 | P7: 0.25860679 | Q7: 4.2406245 | R7: 0.76014621 | S7: 4.6603265 | T7: 0.54495608 | U7: 4.8127891 | V7: 0.38109983 | W7: 5.5691685 | X7: 0.26781453 | Y7: 5.6731911 | Z7: 0.18895039 | AA7: 5.8201746 | AB7: 0.13368932 | AC7: 5.5278237 | AD7: 0.094783247 | AE7: 5.3026337
A8: CPA | B8: 2.0778678e-10 | C8: 1.418911e-10 | D8: 0.27857358 | E8: 0.27857358 | F8: 0.94374813 | G8: 0.94374813 | H8: 0.77111094 | I8: 2.6690396 | J8: 0.34956385 | K8: 2.1807997 | L8: 0.15663475 | M8: 1.7818721 | N8: 0.069187771 | O8: 1.4559193 | P8: 0.033681314 | Q8: 2.5440769 | R8: 0.28081528 | S8: 3.5181371 | T8: 0.13671307 | U8: 4.143398 | V8: 0.068592485 | W8: 4.9062705 | X8: 0.034418206 | Y8: 5.3336707 | Z8: 0.017273154 | AA8: 6.0745987 | AB8: 0.0086713713 | AC8: 5.9225062 | AD8: 0.004356281 | AE8: 5.8883424
A9: AFR | B9: 2.6846555e-10 | C9: 1.8328116e-10 | D9: 0.092181069 | E9: 0.092181069 | F9: 0.94374813 | G9: 0.94374813 | H9: 2.6690396 | I9: 2.6690396 | J9: 1.1866505 | K9: 1.2964403 | L9: 0.51017198 | M9: 1.1873408 | N9: 0.21513824 | O9: 1.7946049 | P9: 0.63054598 | Q9: 2.2977191 | R9: 0.91382225 | S9: 3.2522632 | T9: 0.61018721 | U9: 4.4532147 | V9: 0.41795145 | W9: 4.7293007 | X9: 0.28935687 | Y9: 4.7844341 | Z9: 0.20193451 | AA9: 4.8572023 | AB9: 0.14175427 | AC9: 4.7786025 | AD9: 0.099934544 | AE9: 4.7076116
A10: SAS | B10: 0.02212 | C10: 0.02212 | D10: 0.27857358 | E10: 0.27857358 | F10: 0.94374813 | G10: 0.94374813 | H10: 2.6690396 | I10: 2.6690396 | J10: 1.1605288 | K10: 2.1807997 | L10: 0.49270794 | M10: 1.7818721 | N10: 0.20228966 | O10: 1.7882374 | P10: 0.09846852 | Q10: 4.6053967 | R10: 0.97198316 | S10: 8.2052456 | T10: 0.79418127 | U10: 11.954517 | V10: 0.54957953 | W10: 12.72495 | X10: 0.38340785 | Y10: 13.131359 | Z10: 0.26907857 | AA10: 13.452657 | AB10: 0.18966078 | AC10: 13.627911 | AD10: 0.13410122 | AE10: 13.65208
A11: PAS | B11: 2.3146133e-10 | C11: 1.5829327e-10 | D11: 0.27857358 | E11: 0.27857358 | F11: 0.94374813 | G11: 0.94374813 | H11: 0.93672505 | I11: 2.6690396 | J11: 0.3818547 | K11: 2.1807997 | L11: 0.097925155 | M11: 1.7818721 | N11: 0.043175746 | O11: 1.4559193 | P11: 0.021017696 | Q11: 3.0485799 | R11: 0.1958733 | S11: 4.683942 | T11: 0.27872557 | U11: 5.7270149 | V11: 0.19980151 | W11: 6.7560181 | X11: 0.11707832 | Y11: 7.4699414 | Z11: 0.078357283 | AA11: 8.5853093 | AB11: 0.053291185 | AC11: 9.018077 | AD11: 0.036697989 | AE11: 8.8981554
A12: MEA | B12: 0.02212 | C12: 0.02212 | D12: 0.11424879 | E12: 0.11424879 | F12: 0.94374813 | G12: 0.94374813 | H12: 0.77111094 | I12: 2.6690392 | J12: 0.35501151 | K12: 2.0045329 | L12: 0.16385684 | M12: 1.6581784 | N12: 0.07631423 | O12: 1.455919 | P12: 0.040361024 | Q12: 1.189592 | R12: 0.19141127 | S12: 2.009703 | T12: 0.12202007 | U12: 2.487159 | V12: 0.083771946 | W12: 3.1400157 | X12: 0.058098374 | Y12: 3.3141952 | Z12: 0.040598002 | AA12: 3.4244961 | AB12: 0.028526645 | AC12: 3.3341424 | AD12: 0.020126405 | AE12: 3.2791448

Sheet Efuels
C1: 1 | D1: 2
B2: EUR | C2: 0.11065482 | D2: 7.7454857
B3: NAM | C3: 0.10919787 | D3: 9.5868637
B4: PAO | C4: 0.068906482 | D4: 2.6565365
B5: FSU | C5: 0.54636784 | D5: 3.160271
B6: LAM | C6: 0.4422906 | D6: 3.9485025
B7: CPA | C7: 0.069187771 | D7: 1.4559193
B8: AFR | C8: 0.21513824 | D8: 1.7946049
B9: SAS | C9: 0.20228966 | D9: 1.7882374
B10: PAS | C10: 0.043175746 | D10: 1.4559193
B11: MEA | C11: 0.07631423 | D11: 1.455919
C13: 1 | D13: 2
B14: EUR | C14: 1.5462599e-09 | D14: 3.5104277e-10
B15: NAM | C15: 2.0200144e-09 | D15: 3.9885096e-10
B16: PAO | C16: 1.4692743e-09 | D16: 3.9447292e-10
B17: FSU | C17: 1.5867749e-09 | D17: 3.9964871e-10
B18: LAM | C18: 2.3555833e-09 | D18: 3.290471e-10
B19: CPA | C19: 1.5009154e-09 | D19: 3.2103919e-10
B20: AFR | C20: 1.9759945e-09 | D20: 3.2221158e-10
B21: SAS | C21: 2.1080201e-09 | D21: 4.9363985e-10
B22: PAS | C22: 1.7272353e-09 | D22: 3.8616776e-10
B23: MEA | C23: 5.8424337e-09 | D23: 5.1265308e-10
C25: 1 | D25: 2
B26: EUR | C26: 0.62941781 | D26: 0.006893299
B27: NAM | C27: 0.79790904 | D27: 0.58253448
B28: PAO | C28: 2.3275076 | D28: 0.13085024
B29: FSU | C29: 0.097420151 | D29: 1.9466502e-08
B30: LAM | C30: 0.02128493 | D30: 0.26608662
B31: CPA | C31: 2.1703726 | D31: 0.15257039
B32: AFR | C32: 0.18232539 | D32: 0.054756654
B33: SAS | C33: 1.4820756 | D33: 0.07577803
B34: PAS | C34: 1.0662583 | D34: 0.099442111
B35: MEA | C35: 1.9177272 | D35: 0.32508073

Sheet electrolyser
A1: 1 | B1: 2
A2: 358.20371 | B2: 330.45511

Sheet fuelsynthesis
A1: 1 | B1: 2
A2: 351.61785 | B2: 480.79529

Sheet VRE
A1: 1 | B1: 2
A2: 0.51606341 | B2: 0.99598044

Sheet bio
A1: 1 | B1: 2
A2: 15.628099 | B2: 28.921182

Sheet Infra_lim
A1: 1 | B1: 2
A2: 0.31308468 | B2: 0.86328935

Sheet fc_lim
A1: 1 | B1: 2
A2: 0.54943263 | B2: -0.86027298

Sheet cost_strg
A1: 1 | B1: 2
A2: 0.012102295 | B2: 0.011024672

Sheet CO2aircapt_cost
A1: 1 | B1: 2
A2: 0.8297738 | B2: 0.24667199

Sheet eff_el2h2
A1: 1 | B1: 2
A2: 0.67121778 | B2: 0.63507472

Sheet eff_h22meoh
A1: 1 | B1: 2
A2: 0.87164864 | B2: 0.75731618

Sheet carbon_price
B1: 2010 | C1: 2010 | D1: 2020 | E1: 2020 | F1: 2030 | G1: 2030 | H1: 2040 | I1: 2040 | J1: 2050 | K1: 2050 | L1: 2060 | M1: 2060 | N1: 2070 | O1: 2070 | P1: 2080 | Q1: 2080 | R1: 2090 | S1: 2090 | T1: 2100 | U1: 2100 | V1: 2110 | W1: 2110 | X1: 2120 | Y1: 2120 | Z1: 2130 | AA1: 2130 | AB1: 2140 | AC1: 2140 | AD1: 2150 | AE1: 2150
B2: 1 | C2: 2 | D2: 1 | E2: 2 | F2: 1 | G2: 2 | H2: 1 | I2: 2 | J2: 1 | K2: 2 | L2: 1 | M2: 2 | N2: 1 | O2: 2 | P2: 1 | Q2: 2 | R2: 1 | S2: 2 | T2: 1 | U2: 2 | V2: 1 | W2: 2 | X2: 1 | Y2: 2 | Z2: 1 | AA2: 2 | AB2: 1 | AC2: 2 | AD2: 1 | AE2: 2
A3: EUR | B3: 0.016712154 | C3: 0.014858636 | D3: 0.10275209 | E3: 0.10802056 | F3: 0.019667643 | G3: 0.013017637 | H3: 0.032036519 | I3: 0.021204358 | J3: 0.052184113 | K3: 0.034539665 | L3: 0.085002422 | M3: 0.056261475 | N3: 0.13845999 | O3: 0.091644014 | P3: 0.22553673 | Q3: 0.14927844 | R3: 0.36737557 | S3: 0.24315885 | T3: 0.59841609 | U3: 0.39608015 | V3: 0.068582005 | W3: 0.13477573 | X3: 0.088064396 | Y3: 0.20190314 | Z3: 0.11322355 | AA3: 0.26230023 | AB3: 0.13417156 | AC3: 0.48632383 | AD3: 0.18003925 | AE3: 0.80301317
A4: NAM | B4: 2.3155185e-12 | C4: 6.4364681e-12 | D4: 0.036267058 | E4: 0.033774794 | F4: 0.019667643 | G4: 0.013017637 | H4: 0.032036519 | I4: 0.021204358 | J4: 0.052184113 | K4: 0.034539665 | L4: 0.085002422 | M4: 0.056261475 | N4: 0.13845999 | O4: 0.091644014 | P4: 0.22553673 | Q4: 0.14927844 | R4: 0.36737557 | S4: 0.24315885 | T4: 0.59841609 | U4: 0.39608015 | V4: 0.068582005 | W4: 0.13477573 | X4: 0.088064396 | Y4: 0.20190314 | Z4: 0.11322355 | AA4: 0.26230023 | AB4: 0.13417156 | AC4: 0.48632383 | AD4: 0.18003925 | AE4: 0.80301317
A5: PAO | B5: 1.2554113e-12 | C5: 3.6195183e-12 | D5: 0.19589844 | E5: 0.19696116 | F5: 0.019667643 | G5: 0.013017637 | H5: 0.032036519 | I5: 0.021204358 | J5: 0.052184113 | K5: 0.034539665 | L5: 0.085002422 | M5: 0.056261475 | N5: 0.13845999 | O5: 0.091644014 | P5: 0.22553673 | Q5: 0.14927844 | R5: 0.36737557 | S5: 0.24315885 | T5: 0.59841609 | U5: 0.39608015 | V5: 0.068582005 | W5: 0.13477573 | X5: 0.088064396 | Y5: 0.20190314 | Z5: 0.11322355 | AA5: 0.26230023 | AB5: 0.13417156 | AC5: 0.48632383 | AD5: 0.18003925 | AE5: 0.80301317
A6: FSU | B6: 0.017087642 | C6: 0.017093517 | D6: 0.05612563 | E6: 0.058100642 | F6: 0.019667643 | G6: 0.013017637 | H6: 0.032036519 | I6: 0.021204358 | J6: 0.052184113 | K6: 0.034539665 | L6: 0.085002422 | M6: 0.056261475 | N6: 0.13845999 | O6: 0.091644014 | P6: 0.22553673 | Q6: 0.14927844 | R6: 0.36737557 | S6: 0.24315885 | T6: 0.59841609 | U6: 0.39608015 | V6: 0.068582005 | W6: 0.13477573 | X6: 0.088064396 | Y6: 0.20190314 | Z6: 0.11322355 | AA6: 0.26230023 | AB6: 0.13417156 | AC6: 0.48632383 | AD6: 0.18003925 | AE6: 0.80301317
A7: LAM | B7: 1.3120685e-12 | C7: 3.3820505e-12 | D7: 0.19272447 | E7: 0.18686456 | F7: 0.019667643 | G7: 0.013017637 | H7: 0.032036519 | I7: 0.021204358 | J7: 0.052184113 | K7: 0.034539665 | L7: 0.085002422 | M7: 0.056261475 | N7: 0.13845999 | O7: 0.091644014 | P7: 0.22553673 | Q7: 0.14927844 | R7: 0.36737557 | S7: 0.24315885 | T7: 0.59841609 | U7: 0.39608015 | V7: 0.068582005 | W7: 0.13477573 | X7: 0.088064396 | Y7: 0.20190314 | Z7: 0.11322355 | AA7: 0.26230023 | AB7: 0.13417156 | AC7: 0.48632383 | AD7: 0.18003925 | AE7: 0.80301317
A8: CPA | B8: 7.3818095e-14 | C8: 1.6750854e-13 | D8: 1.1891412e-13 | E8: 3.5521927e-13 | F8: 0.019667643 | G8: 0.013017637 | H8: 0.032036519 | I8: 0.021204358 | J8: 0.052184113 | K8: 0.034539665 | L8: 0.085002422 | M8: 0.056261475 | N8: 0.13845999 | O8: 0.091644014 | P8: 0.22553673 | Q8: 0.14927844 | R8: 0.36737557 | S8: 0.24315885 | T8: 0.59841609 | U8: 0.39608015 | V8: 0.068582005 | W8: 0.13477573 | X8: 0.088064396 | Y8: 0.20190314 | Z8: 0.11322355 | AA8: 0.26230023 | AB8: 0.13417156 | AC8: 0.48632383 | AD8: 0.18003925 | AE8: 0.80301317
A9: AFR | B9: 6.9342481e-12 | C9: 1.3004986e-11 | D9: 0.072417447 | E9: 0.074379215 | F9: 0.019667643 | G9: 0.013017637 | H9: 0.032036519 | I9: 0.021204358 | J9: 0.052184113 | K9: 0.034539665 | L9: 0.085002422 | M9: 0.056261475 | N9: 0.13845999 | O9: 0.091644014 | P9: 0.22553673 | Q9: 0.14927844 | R9: 0.36737557 | S9: 0.24315885 | T9: 0.59841609 | U9: 0.39608015 | V9: 0.068582005 | W9: 0.13477573 | X9: 0.088064396 | Y9: 0.20190314 | Z9: 0.11322355 | AA9: 0.26230023 | AB9: 0.13417156 | AC9: 0.48632383 | AD9: 0.18003925 | AE9: 0.80301317
A10: SAS | B10: 1.7222718e-13 | C10: 4.0983403e-13 | D10: 0.15524521 | E10: 0.14632189 | F10: 0.019667643 | G10: 0.013017637 | H10: 0.032036519 | I10: 0.021204358 | J10: 0.052184113 | K10: 0.034539665 | L10: 0.085002422 | M10: 0.056261475 | N10: 0.13845999 | O10: 0.091644014 | P10: 0.22553673 | Q10: 0.14927844 | R10: 0.36737557 | S10: 0.24315885 | T10: 0.59841609 | U10: 0.39608015 | V10: 0.068582005 | W10: 0.13477573 | X10: 0.088064396 | Y10: 0.20190314 | Z10: 0.11322355 | AA10: 0.26230023 | AB10: 0.13417156 | AC10: 0.48632383 | AD10: 0.18003925 | AE10: 0.80301317
A11: PAS | B11: 4.5884565e-13 | C11: 1.1498277e-12 | D11: 0.12454847 | E11: 0.12329883 | F11: 0.019667643 | G11: 0.013017637 | H11: 0.032036519 | I11: 0.021204358 | J11: 0.052184113 | K11: 0.034539665 | L11: 0.085002422 | M11: 0.056261475 | N11: 0.13845999 | O11: 0.091644014 | P11: 0.22553673 | Q11: 0.14927844 | R11: 0.36737557 | S11: 0.24315885 | T11: 0.59841609 | U11: 0.39608015 | V11: 0.068582005 | W11: 0.13477573 | X11: 0.088064396 | Y11: 0.20190314 | Z11: 0.11322355 | AA11: 0.26230023 | AB11: 0.13417156 | AC11: 0.48632383 | AD11: 0.18003925 | AE11: 0.80301317
A12: MEA | B12: 1.4757544e-13 | C12: 3.5855984e-13 | D12: 0.15447164 | E12: 0.14868138 | F12: 0.019667643 | G12: 0.013017637 | H12: 0.032036519 | I12: 0.021204358 | J12: 0.052184113 | K12: 0.034539665 | L12: 0.085002422 | M12: 0.056261475 | N12: 0.13845999 | O12: 0.091644014 | P12: 0.22553673 | Q12: 0.14927844 | R12: 0.36737557 | S12: 0.24315885 | T12: 0.59841609 | U12: 0.39608015 | V12: 0.068582005 | W12: 0.13477573 | X12: 0.088064396 | Y12: 0.20190314 | Z12: 0.11322355 | AA12: 0.26230023 | AB12: 0.13417156 | AC12: 0.48632383 | AD12: 0.18003925 | AE12: 0.80301317

Sheet mc_lf_el2h2
B1: 2010 | C1: 2010 | D1: 2020 | E1: 2020 | F1: 2030 | G1: 2030 | H1: 2040 | I1: 2040 | J1: 2050 | K1: 2050 | L1: 2060 | M1: 2060 | N1: 2070 | O1: 2070 | P1: 2080 | Q1: 2080 | R1: 2090 | S1: 2090 | T1: 2100 | U1: 2100 | V1: 2110 | W1: 2110 | X1: 2120 | Y1: 2120 | Z1: 2130 | AA1: 2130 | AB1: 2140 | AC1: 2140 | AD1: 2150 | AE1: 2150
B2: 1 | C2: 2 | D2: 1 | E2: 2 | F2: 1 | G2: 2 | H2: 1 | I2: 2 | J2: 1 | K2: 2 | L2: 1 | M2: 2 | N2: 1 | O2: 2 | P2: 1 | Q2: 2 | R2: 1 | S2: 2 | T2: 1 | U2: 2 | V2: 1 | W2: 2 | X2: 1 | Y2: 2 | Z2: 1 | AA2: 2 | AB2: 1 | AC2: 2 | AD2: 1 | AE2: 2
A3: EUR | B3: 0.072962622 | C3: 0.072949488 | D3: 0.056951627 | E3: 0.054907071 | F3: 0.066029656 | G3: 0.06293601 | H3: 0.067256909 | I3: 0.047102376 | J3: 8.3424929e-07 | K3: 0.11300409 | L3: 0.49315054 | M3: 0.19399111 | N3: 0.40151661 | O3: 0.18493155 | P3: 0.4034513 | Q3: 0.2465753 | R3: 0.36613497 | S3: 0.22402553 | T3: 0.35815245 | U3: 0.23097778 | V3: 0.22222001 | W3: 0.18546736 | X3: 0.35238317 | Y3: 0.22586692 | Z3: 0.37194755 | AA3: 0.24446542 | AB3: 0.40239174 | AC3: 0.23516273 | AD3: 0.38082153 | AE3: 0.23590886
A4: NAM | B4: 1.8555725e-08 | C4: 1.5419967e-08 | D4: 0.22163112 | E4: 0.22816777 | F4: 6.4954593e-09 | G4: 5.0572838e-09 | H4: 0.090372725 | I4: 9.2925831e-09 | J4: 6.4486239e-08 | K4: 1.8280785e-07 | L4: 0.38732871 | M4: 0.43493145 | N4: 0.39369153 | O4: 0.37342699 | P4: 0.37490106 | Q4: 0.34318617 | R4: 0.34970763 | S4: 0.26652119 | T4: 0.35547002 | U4: 0.31986371 | V4: 0.32716003 | W4: 0.30643671 | X4: 0.32931649 | Y4: 0.31458336 | Z4: 0.35074977 | AA4: 0.2965142 | AB4: 0.35837715 | AC4: 0.29848304 | AD4: 0.3433035 | AE4: 0.29873129
A5: PAO | B5: 0.05296344 | C5: 0.053063471 | D5: 0.021404294 | E5: 0.02175764 | F5: 0.069653821 | G5: 0.046561431 | H5: 0.15033779 | I5: 0.062611924 | J5: 8.8133222e-08 | K5: 0.1513099 | L5: 0.69280819 | M5: 0.24829166 | N5: 0.56479362 | O5: 0.26979778 | P5: 0.51571974 | Q5: 0.22549767 | R5: 0.45418648 | S5: 0.25968394 | T5: 0.43528366 | U5: 0.2649884 | V5: 0.39402496 | W5: 0.24338273 | X5: 0.44519271 | Y5: 0.24250921 | Z5: 0.51942364 | AA5: 0.28855079 | AB5: 0.50654932 | AC5: 0.28974658 | AD5: 0.48261652 | AE5: 0.28823489
A6: FSU | B6: 0.073927966 | C6: 0.073719358 | D6: 0.044748123 | E6: 0.044614902 | F6: 0.076534473 | G6: 0.06919143 | H6: 0.090911894 | I6: 0.080778044 | J6: 0.091201862 | K6: 0.087974846 | L6: 0.11644412 | M6: 0.14267735 | N6: 0.88972504 | O6: 0.21302815 | P6: 0.73187306 | Q6: 0.55454097 | R6: 0.53693086 | S6: 0.35922273 | T6: 0.46045547 | U6: 0.18046815 | V6: 0.31144818 | W6: 0.12781689 | X6: 0.40988508 | Y6: 0.17866437 | Z6: 0.53332788 | AA6: 0.18885574 | AB6: 0.57486503 | AC6: 0.20302137 | AD6: 0.58062023 | AE6: 0.24322588
A7: LAM | B7: 0.097348189 | C7: 0.097721264 | D7: 0.020034384 | E7: 0.019933412 | F7: 0.095528161 | G7: 0.085041778 | H7: 0.12217073 | I7: 0.096699584 | J7: 0.096668646 | K7: 4.3325777e-06 | L7: 0.21814261 | M7: 0.33561625 | N7: 0.28458894 | O7: 0.29840053 | P7: 0.3749998 | Q7: 0.29914997 | R7: 0.37499999 | S7: 0.31996963 | T7: 0.37225499 | U7: 0.2872822 | V7: 0.23900355 | W7: 0.28187253 | X7: 0.23809949 | Y7: 0.28355417 | Z7: 0.37129949 | AA7: 0.28643874 | AB7: 0.37499994 | AC7: 0.29174766 | AD7: 0.375 | AE7: 0.29236618
A8: CPA | B8: 0.0717105 | C8: 0.071533816 | D8: 0.0798307 | E8: 0.076052374 | F8: 0.05703026 | G8: 0.057876555 | H8: 0.072522218 | I8: 0.053931824 | J8: 0.00015773081 | K8: 0.2965429 | L8: 0.41810576 | M8: 0.18595888 | N8: 0.37737642 | O8: 0.18595891 | P8: 0.37528342 | Q8: 0.18595893 | R8: 0.36898686 | S8: 0.25274125 | T8: 0.37385929 | U8: 0.27190737 | V8: 0.24419759 | W8: 0.18682225 | X8: 0.26569295 | Y8: 0.27804094 | Z8: 0.38037014 | AA8: 0.29341774 | AB8: 0.39424108 | AC8: 0.29175613 | AD8: 0.37257681 | AE8: 0.28579885
A9: AFR | B9: 0.05348115 | C9: 0.053579092 | D9: 0.021286287 | E9: 0.020712062 | F9: 0.055595534 | G9: 0.053491808 | H9: 0.072547447 | I9: 0.043579424 | J9: 0.10417628 | K9: 0.1158636 | L9: 0.15034273 | M9: 0.12499602 | N9: 0.43759282 | O9: 0.29964427 | P9: 0.40040132 | Q9: 0.20795591 | R9: 0.37709273 | S9: 0.23020441 | T9: 0.38438647 | U9: 0.20541102 | V9: 0.22957463 | W9: 0.17637844 | X9: 0.26741696 | Y9: 0.20785382 | Z9: 0.37499995 | AA9: 0.28668283 | AB9: 0.37499997 | AC9: 0.31076971 | AD9: 0.37499998 | AE9: 0.32296855
A10: SAS | B10: 0.033814373 | C10: 0.034668232 | D10: 0.01523466 | E10: 0.015432288 | F10: 0.032427788 | G10: 0.035777343 | H10: 0.050534682 | I10: 0.032471857 | J10: 5.8905905e-07 | K10: 0.13943938 | L10: 0.37465748 | M10: 0.20170916 | N10: 0.36541931 | O10: 0.20171231 | P10: 0.32073855 | Q10: 0.19871589 | R10: 0.2976341 | S10: 0.19848523 | T10: 0.26078475 | U10: 0.25186094 | V10: 0.22631439 | W10: 0.13286062 | X10: 0.21242049 | Y10: 0.23047973 | Z10: 0.27272655 | AA10: 0.21490363 | AB10: 0.28078025 | AC10: 0.18225704 | AD10: 0.32710301 | AE10: 0.1811433
A11: PAS | B11: 0.051977513 | C11: 0.052092219 | D11: 0.0165111 | E11: 0.015998155 | F11: 0.044011746 | G11: 0.034394406 | H11: 6.4368356e-08 | I11: 0.029108598 | J11: 1.2259277e-07 | K11: 0.16918274 | L11: 0.30095546 | M11: 0.19109584 | N11: 0.28239233 | O11: 0.19109588 | P11: 0.22546121 | Q11: 0.10958905 | R11: 0.15043448 | S11: 0.11338463 | T11: 0.10958904 | U11: 0.11059736 | V11: 0.19199328 | W11: 0.12232499 | X11: 0.19430508 | Y11: 0.11165611 | Z11: 0.19109574 | AA11: 0.10482026 | AB11: 0.19905604 | AC11: 0.1002116 | AD11: 0.27739698 | AE11: 0.11459617
A12: MEA | B12: 0.033049868 | C12: 0.033281133 | D12: 0.015113725 | E12: 0.014632166 | F12: 0.074348491 | G12: 0.038798867 | H12: 0.00054643678 | I12: 0.079310541 | J12: 1.6253734e-05 | K12: 0.11643972 | L12: 0.35239726 | M12: 0.33047931 | N12: 0.31867615 | O12: 0.28527396 | P12: 0.28812188 | Q12: 0.26588389 | R12: 0.2862457 | S12: 0.25587418 | T12: 0.32646953 | U12: 0.25593981 | V12: 0.24957827 | W12: 0.25709162 | X12: 0.25723229 | Y12: 0.25609647 | Z12: 0.30190726 | AA12: 0.27195851 | AB12: 0.29320924 | AC12: 0.27526346 | AD12: 0.4020073 | AE12: 0.2685593

Sheet mc_MeOH2airfuel
B1: 2010 | C1: 2010 | D1: 2020 | E1: 2020 | F1: 2030 | G1: 2030 | H1: 2040 | I1: 2040 | J1: 2050 | K1: 2050 | L1: 2060 | M1: 2060 | N1: 2070 | O1: 2070 | P1: 2080 | Q1: 2080 | R1: 2090 | S1: 2090 | T1: 2100 | U1: 2100 | V1: 2110 | W1: 2110 | X1: 2120 | Y1: 2120 | Z1: 2130 | AA1: 2130 | AB1: 2140 | AC1: 2140 | AD1: 2150 | AE1: 2150
B2: 1 | C2: 2 | D2: 1 | E2: 2 | F2: 1 | G2: 2 | H2: 1 | I2: 2 | J2: 1 | K2: 2 | L2: 1 | M2: 2 | N2: 1 | O2: 2 | P2: 1 | Q2: 2 | R2: 1 | S2: 2 | T2: 1 | U2: 2 | V2: 1 | W2: 2 | X2: 1 | Y2: 2 | Z2: 1 | AA2: 2 | AB2: 1 | AC2: 2 | AD2: 1 | AE2: 2
A3: EUR | B3: 0 | C3: 0 | D3: 0 | E3: 0 | F3: 0 | G3: 0 | H3: 0 | I3: 0 | J3: 0 | K3: 0 | L3: 0 | M3: 0 | N3: 0 | O3: 0 | P3: 0 | Q3: 0 | R3: 0 | S3: 0 | T3: 0 | U3: 0 | V3: 0 | W3: 0 | X3: 0 | Y3: 0 | Z3: 0 | AA3: 0 | AB3: 0 | AC3: 0 | AD3: 0 | AE3: 0
A4: NAM | B4: 0 | C4: 0 | D4: 0 | E4: 0 | F4: 0 | G4: 0 | H4: 0 | I4: 0 | J4: 0 | K4: 0 | L4: 0 | M4: 0 | N4: 0 | O4: 0 | P4: 0 | Q4: 0 | R4: 0 | S4: 0 | T4: 0 | U4: 0 | V4: 0 | W4: 0 | X4: 0 | Y4: 0 | Z4: 0 | AA4: 0 | AB4: 0 | AC4: 0 | AD4: 0 | AE4: 0
A5: PAO | B5: 0 | C5: 0 | D5: 0 | E5: 0 | F5: 0 | G5: 0 | H5: 0 | I5: 0 | J5: 0 | K5: 0 | L5: 0 | M5: 0 | N5: 0 | O5: 0 | P5: 0 | Q5: 0 | R5: 0 | S5: 0 | T5: 0 | U5: 0 | V5: 0 | W5: 0 | X5: 0 | Y5: 0 | Z5: 0 | AA5: 0 | AB5: 0 | AC5: 0 | AD5: 0 | AE5: 0
A6: FSU | B6: 0 | C6: 0 | D6: 0 | E6: 0 | F6: 0 | G6: 0 | H6: 0 | I6: 0 | J6: 0 | K6: 0 | L6: 0 | M6: 0 | N6: 0 | O6: 0 | P6: 0 | Q6: 0 | R6: 0 | S6: 0 | T6: 0 | U6: 0 | V6: 0 | W6: 0 | X6: 0 | Y6: 0 | Z6: 0 | AA6: 0 | AB6: 0 | AC6: 0 | AD6: 0 | AE6: 0
A7: LAM | B7: 0 | C7: 0 | D7: 0 | E7: 0 | F7: 0 | G7: 0 | H7: 0 | I7: 0 | J7: 0 | K7: 0 | L7: 0 | M7: 0 | N7: 0 | O7: 0 | P7: 0 | Q7: 0 | R7: 0 | S7: 0 | T7: 0 | U7: 0 | V7: 0 | W7: 0 | X7: 0 | Y7: 0 | Z7: 0 | AA7: 0 | AB7: 0 | AC7: 0 | AD7: 0 | AE7: 0
A8: CPA | B8: 0 | C8: 0 | D8: 0 | E8: 0 | F8: 0 | G8: 0 | H8: 0 | I8: 0 | J8: 0 | K8: 0 | L8: 0 | M8: 0 | N8: 0 | O8: 0 | P8: 0 | Q8: 0 | R8: 0 | S8: 0 | T8: 0 | U8: 0 | V8: 0 | W8: 0 | X8: 0 | Y8: 0 | Z8: 0 | AA8: 0 | AB8: 0 | AC8: 0 | AD8: 0 | AE8: 0
A9: AFR | B9: 0 | C9: 0 | D9: 0 | E9: 0 | F9: 0 | G9: 0 | H9: 0 | I9: 0 | J9: 0 | K9: 0 | L9: 0 | M9: 0 | N9: 0 | O9: 0 | P9: 0 | Q9: 0 | R9: 0 | S9: 0 | T9: 0 | U9: 0 | V9: 0 | W9: 0 | X9: 0 | Y9: 0 | Z9: 0 | AA9: 0 | AB9: 0 | AC9: 0 | AD9: 0 | AE9: 0
A10: SAS | B10: 0 | C10: 0 | D10: 0 | E10: 0 | F10: 0 | G10: 0 | H10: 0 | I10: 0 | J10: 0 | K10: 0 | L10: 0 | M10: 0 | N10: 0 | O10: 0 | P10: 0 | Q10: 0 | R10: 0 | S10: 0 | T10: 0 | U10: 0 | V10: 0 | W10: 0 | X10: 0 | Y10: 0 | Z10: 0 | AA10: 0 | AB10: 0 | AC10: 0 | AD10: 0 | AE10: 0
A11: PAS | B11: 0 | C11: 0 | D11: 0 | E11: 0 | F11: 0 | G11: 0 | H11: 0 | I11: 0 | J11: 0 | K11: 0 | L11: 0 | M11: 0 | N11: 0 | O11: 0 | P11: 0 | Q11: 0 | R11: 0 | S11: 0 | T11: 0 | U11: 0 | V11: 0 | W11: 0 | X11: 0 | Y11: 0 | Z11: 0 | AA11: 0 | AB11: 0 | AC11: 0 | AD11: 0 | AE11: 0
A12: MEA | B12: 0 | C12: 0 | D12: 0 | E12: 0 | F12: 0 | G12: 0 | H12: 0 | I12: 0 | J12: 0 | K12: 0 | L12: 0 | M12: 0 | N12: 0 | O12: 0 | P12: 0 | Q12: 0 | R12: 0 | S12: 0 | T12: 0 | U12: 0 | V12: 0 | W12: 0 | X12: 0 | Y12: 0 | Z12: 0 | AA12: 0 | AB12: 0 | AC12: 0 | AD12: 0 | AE12: 0

Sheet mc_carbon_budget
A1: 1 | B1: 2
A2: 557968.3 | B2: 557968.3

Sheet mc_liquids_2050
B1: 1 | C1: 2
A2: oil | B2: 0 | C2: 0
A3: coal | B3: 5.0682 | C3: 5.0682
A4: MeOH | B4: 7.6289443 | C4: 27.574232
A5: H2 | B5: 0 | C5: 0
A6: elec | B6: 44.811313 | C6: 43.684518
A7: petro | B7: 113.2407 | C7: 97.671605
A8: CH4 | B8: 5.0682 | C8: 5.0682
A9: LCH4 | B9: 3.1106524e-08 | C9: 1.0811845
A10: LH2 | B10: 5.5959865e-08 | C10: 2.2642095e-08
A11: CH2 | B11: 0.015300932 | C11: 0.015300885

Sheet liquids graf
B1: 1 | C1: 2 | D1: 3 | E1: 4 | F1: 5 | G1: 6 | H1: 7 | I1: 8 | J1: 9 | K1: 10 | L1: 11 | M1: 12 | N1: 13 | O1: 14 | P1: 15 | Q1: 16 | R1: 17 | S1: 18 | T1: 19 | U1: 20 | V1: 21 | W1: 22 | X1: 23 | Y1: 24 | Z1: 25 | AA1: 26 | AB1: 27 | AC1: 28 | AD1: 29 | AE1: 30 | AF1: 31 | AG1: 32 | AH1: 33 | AI1: 34 | AJ1: 35 | AK1: 36 | AL1: 37 | AM1: 38 | AN1: 39 | AO1: 40 | AP1: 41 | AQ1: 42 | AR1: 43 | AS1: 44 | AT1: 45 | AU1: 46 | AV1: 47 | AW1: 48 | AX1: 49 | AY1: 50 | AZ1: 51 | BA1: 52 | BB1: 53 | BC1: 54 | BD1: 55 | BE1: 56 | BF1: 57 | BG1: 58 | BH1: 59 | BI1: 60 | BJ1: 61 | BK1: 62 | BL1: 63 | BM1: 64 | BN1: 65 | BO1: 66 | BP1: 67 | BQ1: 68 | BR1: 69 | BS1: 70 | BT1: 71 | BU1: 72 | BV1: 73 | BW1: 74 | BX1: 75 | BY1: 76 | BZ1: 77 | CA1: 78 | CB1: 79 | CC1: 80 | CD1: 81 | CE1: 82 | CF1: 83 | CG1: 84 | CH1: 85 | CI1: 86 | CJ1: 87 | CK1: 88 | CL1: 89 | CM1: 90 | CN1: 91 | CO1: 92 | CP1: 93 | CQ1: 94 | CR1: 95 | CS1: 96 | CT1: 97 | CU1: 98 | CV1: 99 | CW1: 100 | CX1: 101 | CY1: 102 | CZ1: 103 | DA1: 104 | DB1: 105 | DC1: 106 | DD1: 107 | DE1: 108 | DF1: 109 | DG1: 110 | DH1: 111 | DI1: 112 | DJ1: 113 | DK1: 114 | DL1: 115 | DM1: 116 | DN1: 117 | DO1: 118 | DP1: 119 | DQ1: 120 | DR1: 121 | DS1: 122 | DT1: 123 | DU1: 124 | DV1: 125 | DW1: 126 | DX1: 127 | DY1: 128 | DZ1: 129 | EA1: 130 | EB1: 131 | EC1: 132 | ED1: 133 | EE1: 134 | EF1: 135 | EG1: 136 | EH1: 137 | EI1: 138 | EJ1: 139 | EK1: 140 | EL1: 141 | EM1: 142 | EN1: 143 | EO1: 144 | EP1: 145 | EQ1: 146 | ER1: 147 | ES1: 148 | ET1: 149 | EU1: 150 | EV1: 151 | EW1: 152 | EX1: 153 | EY1: 154 | EZ1: 155 | FA1: 156 | FB1: 157 | FC1: 158 | FD1: 159 | FE1: 160 | FF1: 161 | FG1: 162 | FH1: 163 | FI1: 164 | FJ1: 165 | FK1: 166 | FL1: 167 | FM1: 168 | FN1: 169 | FO1: 170 | FP1: 171 | FQ1: 172 | FR1: 173 | FS1: 174 | FT1: 175 | FU1: 176 | FV1: 177 | FW1: 178 | FX1: 179 | FY1: 180 | FZ1: 181 | GA1: 182 | GB1: 183 | GC1: 184 | GD1: 185 | GE1: 186 | GF1: 187 | GG1: 188 | GH1: 189 | GI1: 190 | GJ1: 191 | GK1: 192 | GL1: 193 | GM1: 194 | GN1: 195 | GO1: 196 | GP1: 197 | GQ1: 198 | GR1: 199 | GS1: 200 | GT1: 201 | GU1: 202 | GV1: 203 | GW1: 204 | GX1: 205 | GY1: 206 | GZ1: 207 | HA1: 208 | HB1: 209 | HC1: 210 | HD1: 211 | HE1: 212 | HF1: 213 | HG1: 214 | HH1: 215 | HI1: 216 | HJ1: 217 | HK1: 218 | HL1: 219 | HM1: 220 | HN1: 221 | HO1: 222 | HP1: 223 | HQ1: 224 | HR1: 225 | HS1: 226 | HT1: 227 | HU1: 228 | HV1: 229 | HW1: 230 | HX1: 231 | HY1: 232 | HZ1: 233 | IA1: 234 | IB1: 235 | IC1: 236 | ID1: 237 | IE1: 238 | IF1: 239 | IG1: 240 | IH1: 241 | II1: 242 | IJ1: 243 | IK1: 244 | IL1: 245 | IM1: 246 | IN1: 247 | IO1: 248 | IP1: 249 | IQ1: 250 | IR1: 251 | IS1: 252 | IT1: 253 | IU1: 254 | IV1: 255 | IW1: 256 | IX1: 257 | IY1: 258 | IZ1: 259 | JA1: 260 | JB1: 261 | JC1: 262 | JD1: 263 | JE1: 264 | JF1: 265 | JG1: 266 | JH1: 267 | JI1: 268 | JJ1: 269 | JK1: 270 | JL1: 271 | JM1: 272 | JN1: 273 | JO1: 274 | JP1: 275 | JQ1: 276 | JR1: 277 | JS1: 278 | JT1: 279 | JU1: 280 | JV1: 281 | JW1: 282 | JX1: 283 | JY1: 284 | JZ1: 285 | KA1: 286 | KB1: 287 | KC1: 288 | KD1: 289 | KE1: 290 | KF1: 291 | KG1: 292 | KH1: 293 | KI1: 294 | KJ1: 295 | KK1: 296 | KL1: 297 | KM1: 298 | KN1: 299 | KO1: 300 | KP1: 301 | KQ1: 302 | KR1: 303 | KS1: 304 | KT1: 305 | KU1: 306 | KV1: 307 | KW1: 308 | KX1: 309 | KY1: 310 | KZ1: 311 | LA1: 312 | LB1: 313 | LC1: 314 | LD1: 315 | LE1: 316 | LF1: 317 | LG1: 318 | LH1: 319 | LI1: 320 | LJ1: 321 | LK1: 322 | LL1: 323 | LM1: 324 | LN1: 325 | LO1: 326 | LP1: 327 | LQ1: 328 | LR1: 329 | LS1: 330 | LT1: 331 | LU1: 332 | LV1: 333 | LW1: 334 | LX1: 335 | LY1: 336 | LZ1: 337 | MA1: 338 | MB1: 339 | MC1: 340 | MD1: 341 | ME1: 342 | MF1: 343 | MG1: 344 | MH1: 345 | MI1: 346 | MJ1: 347 | MK1: 348 | ML1: 349 | MM1: 350 | MN1: 351 | MO1: 352 | MP1: 353 | MQ1: 354 | MR1: 355 | MS1: 356 | MT1: 357 | MU1: 358 | MV1: 359 | MW1: 360 | MX1: 361 | MY1: 362 | MZ1: 363 | NA1: 364 | NB1: 365 | NC1: 366 | ND1: 367 | NE1: 368 | NF1: 369 | NG1: 370 | NH1: 371 | NI1: 372 | NJ1: 373 | NK1: 374 | NL1: 375 | NM1: 376 | NN1: 377 | NO1: 378 | NP1: 379 | NQ1: 380 | NR1: 381 | NS1: 382 | NT1: 383 | NU1: 384 | NV1: 385 | NW1: 386 | NX1: 387 | NY1: 388 | NZ1: 389 | OA1: 390
A2: Oil based fuels | B2: =mc_liquids_2050!B2+mc_liquids_2050!B7 -> 113.2407 | C2: =mc_liquids_2050!C2+mc_liquids_2050!C7 -> 97.671605 | D2: =mc_liquids_2050!D2+mc_liquids_2050!D7 -> 0 | E2: =mc_liquids_2050!E2+mc_liquids_2050!E7 -> 0 | F2: =mc_liquids_2050!F2+mc_liquids_2050!F7 -> 0 | G2: =mc_liquids_2050!G2+mc_liquids_2050!G7 -> 0 | H2: =mc_liquids_2050!H2+mc_liquids_2050!H7 -> 0 | I2: =mc_liquids_2050!I2+mc_liquids_2050!I7 -> 0 | ... OA2: =mc_liquids_2050!OA2+mc_liquids_2050!OA7 -> 0
A3: Synfuels | B3: =mc_liquids_2050!B4 -> 7.6289443 | C3: =mc_liquids_2050!C4 -> 27.574232 | D3: =mc_liquids_2050!D4 -> 0 | E3: =mc_liquids_2050!E4 -> 0 | F3: =mc_liquids_2050!F4 -> 0 | G3: =mc_liquids_2050!G4 -> 0 | H3: =mc_liquids_2050!H4 -> 0 | I3: =mc_liquids_2050!I4 -> 0 | ... OA3: =mc_liquids_2050!OA4 -> 0
A4: H2 | B4: =mc_liquids_2050!B5 -> 0 | C4: =mc_liquids_2050!C5 -> 0 | D4: =mc_liquids_2050!D5 -> 0 | E4: =mc_liquids_2050!E5 -> 0 | F4: =mc_liquids_2050!F5 -> 0 | G4: =mc_liquids_2050!G5 -> 0 | H4: =mc_liquids_2050!H5 -> 0 | I4: =mc_liquids_2050!I5 -> 0 | ... OA4: =mc_liquids_2050!OA5 -> 0
A5: elec | B5: =mc_liquids_2050!B6 -> 44.811313 | C5: =mc_liquids_2050!C6 -> 43.684518 | D5: =mc_liquids_2050!D6 -> 0 | E5: =mc_liquids_2050!E6 -> 0 | F5: =mc_liquids_2050!F6 -> 0 | G5: =mc_liquids_2050!G6 -> 0 | H5: =mc_liquids_2050!H6 -> 0 | I5: =mc_liquids_2050!I6 -> 0 | ... OA5: =mc_liquids_2050!OA6 -> 0
A6: CNG or LNG | B6: =mc_liquids_2050!B8 -> 5.0682 | C6: =mc_liquids_2050!C8 -> 5.0682 | D6: =mc_liquids_2050!D8 -> 0 | E6: =mc_liquids_2050!E8 -> 0 | F6: =mc_liquids_2050!F8 -> 0 | G6: =mc_liquids_2050!G8 -> 0 | H6: =mc_liquids_2050!H8 -> 0 | I6: =mc_liquids_2050!I8 -> 0 | ... OA6: =mc_liquids_2050!OA8 -> 0

Sheet mc_meohfeed_2050
B1: 1 | C1: 2
A2: oil1 | B2: 0 | C2: 0
A3: oil2 | B3: 0 | C3: 0
A4: oil3 | B4: 0 | C4: 0
A5: bio | B5: 1.5839537 | C5: 41.947883
A6: bio1 | B6: 0 | C6: 0
A7: bio2 | B7: 0 | C7: 0
A8: bio3 | B8: 0 | C8: 0
A9: hydro | B9: 0 | C9: 0
A10: wind | B10: 0 | C10: 0
A11: solar | B11: 0 | C11: 0
A12: gas1 | B12: 0 | C12: 0
A13: gas2 | B13: 0 | C13: 0
... A63: CH2 | B63: 0 | C63: 0

Sheet mc_h2feed_2050
B1: 1 | C1: 2 | D1: 3 | E1: 4 | F1: 5
A2: oil1 | B2: 0 | C2: 0 | D2: 0 | E2: 0 | F2: 0
A3: oil2 | B3: 0 | C3: 0 | D3: 0 | E3: 0 | F3: 0
A4: oil3 | B4: 0 | C4: 0 | D4: 0 | E4: 0 | F4: 0
A5: bio | B5: 18.935587 | C5: 22.160205 | D5: 0.12223433 | E5: 2.3957234 | F5: 13.903775
A6: bio1 | B6: 0 | C6: 0 | D6: 0 | E6: 0 | F6: 0
A7: bio2 | B7: 0 | C7: 0 | D7: 0 | E7: 0 | F7: 0
A8: bio3 | B8: 0 | C8: 0 | D8: 0 | E8: 0 | F8: 0
A9: hydro | B9: 0 | C9: 0 | D9: 0 | E9: 0 | F9: 0
A10: wind | B10: 0 | C10: 0 | D10: 0 | E10: 0 | F10: 0
A11: solar | B11: 2.4872891e-07 | C11: 2.6927726e-07 | D11: 1.5008764 | E11: 3.5278027e-06 | F11: 3.9202965e-08
A12: gas1 | B12: 0 | C12: 0 | D12: 0 | E12: 0 | F12: 0
A13: gas2 | B13: 0 | C13: 0 | D13: 0 | E13: 0 | F13: 0
... A60: NH3 | B60: 0 | C60: 0 | D60: 0 | E60: 0 | F60: 0

Sheet Sheet1
A1: Runs
A2: 1 | B2: 2 | C2: 3 | D2: 4 | E2: 5 | F2: 6 | G2: 7 | H2: 8 | I2: 9 | J2: 10 | K2: 11 | L2: 12 | M2: 13 | N2: 14 | O2: 15 | P2: 16 | Q2: 17 | R2: 18 | S2: 19 | T2: 20 | U2: 21 | V2: 22 | W2: 23 | X2: 24 | Y2: 25 | Z2: 26 | AA2: 27 | AB2: 28 | AC2: 29 | AD2: 30 | AE2: 31 | AF2: 32 | AG2: 33 | AH2: 34 | AI2: 35 | AJ2: 36 | AK2: 37 | AL2: 38 | AM2: 39 | AN2: 40 | AO2: 41 | AP2: 42 | AQ2: 43 | AR2: 44 | AS2: 45 | AT2: 46 | AU2: 47 | AV2: 48 | AW2: 49 | AX2: 50 | AY2: 51 | AZ2: 52 | BA2: 53 | BB2: 54 | BC2: 55 | BD2: 56 | BE2: 57 | BF2: 58 | BG2: 59 | BH2: 60 | BI2: 61 | BJ2: 62 | BK2: 63 | BL2: 64 | BM2: 65 | BN2: 66 | BO2: 67 | BP2: 68 | BQ2: 69 | BR2: 70 | BS2: 71 | BT2: 72 | BU2: 73 | BV2: 74 | BW2: 75 | BX2: 76 | BY2: 77 | BZ2: 78 | CA2: 79 | CB2: 80 | CC2: 81 | CD2: 82 | CE2: 83 | CF2: 84 | CG2: 85 | CH2: 86 | CI2: 87 | CJ2: 88 | CK2: 89 | CL2: 90 | CM2: 91 | CN2: 92 | CO2: 93 | CP2: 94 | CQ2: 95 | CR2: 96 | CS2: 97 | CT2: 98 | CU2: 99 | CV2: 100 | CW2: 101 | CX2: 102 | CY2: 103 | CZ2: 104 | DA2: 105 | DB2: 106 | DC2: 107 | DD2: 108 | DE2: 109 | DF2: 110 | DG2: 111 | DH2: 112 | DI2: 113 | DJ2: 114 | DK2: 115 | DL2: 116 | DM2: 117 | DN2: 118 | DO2: 119 | DP2: 120 | DQ2: 121 | DR2: 122 | DS2: 123 | DT2: 124 | DU2: 125 | DV2: 126 | DW2: 127 | DX2: 128 | DY2: 129 | DZ2: 130 | EA2: 131 | EB2: 132 | EC2: 133 | ED2: 134 | EE2: 135 | EF2: 136 | EG2: 137 | EH2: 138 | EI2: 139 | EJ2: 140 | EK2: 141 | EL2: 142 | EM2: 143 | EN2: 144 | EO2: 145 | EP2: 146 | EQ2: 147 | ER2: 148 | ES2: 149 | ET2: 150 | EU2: 151 | EV2: 152 | EW2: 153 | EX2: 154 | EY2: 155 | EZ2: 156 | FA2: 157 | FB2: 158 | FC2: 159 | FD2: 160 | FE2: 161 | FF2: 162 | FG2: 163 | FH2: 164 | FI2: 165 | FJ2: 166 | FK2: 167 | FL2: 168 | FM2: 169 | FN2: 170 | FO2: 171 | FP2: 172 | FQ2: 173 | FR2: 174 | FS2: 175 | FT2: 176 | FU2: 177 | FV2: 178 | FW2: 179 | FX2: 180 | FY2: 181 | FZ2: 182 | GA2: 183 | GB2: 184 | GC2: 185 | GD2: 186 | GE2: 187 | GF2: 188 | GG2: 189 | GH2: 190 | GI2: 191 | GJ2: 192 | GK2: 193 | GL2: 194 | GM2: 195 | GN2: 196 | GO2: 197 | GP2: 198 | GQ2: 199 | GR2: 200 | GS2: 201 | GT2: 202 | GU2: 203 | GV2: 204 | GW2: 205 | GX2: 206 | GY2: 207 | GZ2: 208 | HA2: 209 | HB2: 210 | HC2: 211 | HD2: 212 | HE2: 213 | HF2: 214 | HG2: 215 | HH2: 216 | HI2: 217 | HJ2: 218 | HK2: 219 | HL2: 220 | HM2: 221 | HN2: 222 | HO2: 223 | HP2: 224 | HQ2: 225 | HR2: 226 | HS2: 227 | HT2: 228 | HU2: 229 | HV2: 230 | HW2: 231 | HX2: 232 | HY2: 233 | HZ2: 234 | IA2: 235 | IB2: 236 | IC2: 237 | ID2: 238 | IE2: 239 | IF2: 240 | IG2: 241 | IH2: 242 | II2: 243 | IJ2: 244 | IK2: 245 | IL2: 246 | IM2: 247 | IN2: 248 | IO2: 249 | IP2: 250 | IQ2: 251 | IR2: 252 | IS2: 253 | IT2: 254 | IU2: 255 | IV2: 256 | IW2: 257 | IX2: 258 | IY2: 259 | IZ2: 260 | JA2: 261 | JB2: 262 | JC2: 263 | JD2: 264 | JE2: 265 | JF2: 266 | JG2: 267 | JH2: 268 | JI2: 269 | JJ2: 270 | JK2: 271 | JL2: 272 | JM2: 273 | JN2: 274 | JO2: 275 | JP2: 276 | JQ2: 277 | JR2: 278 | JS2: 279 | JT2: 280 | JU2: 281 | JV2: 282 | JW2: 283 | JX2: 284 | JY2: 285 | JZ2: 286 | KA2: 287 | KB2: 288 | KC2: 289 | KD2: 290 | KE2: 291 | KF2: 292 | KG2: 293 | KH2: 294 | KI2: 295 | KJ2: 296 | KK2: 297 | KL2: 298 | KM2: 299 | KN2: 300 | KO2: 301 | KP2: 302 | KQ2: 303 | KR2: 304 | KS2: 305 | KT2: 306 | KU2: 307 | KV2: 308 | KW2: 309 | KX2: 310 | KY2: 311 | KZ2: 312 | LA2: 313 | LB2: 314 | LC2: 315 | LD2: 316 | LE2: 317 | LF2: 318 | LG2: 319 | LH2: 320 | LI2: 321 | LJ2: 322 | LK2: 323 | LL2: 324 | LM2: 325 | LN2: 326 | LO2: 327 | LP2: 328 | LQ2: 329 | LR2: 330 | LS2: 331 | LT2: 332 | LU2: 333 | LV2: 334 | LW2: 335 | LX2: 336 | LY2: 337 | LZ2: 338 | MA2: 339 | MB2: 340 | MC2: 341 | MD2: 342 | ME2: 343 | MF2: 344 | MG2: 345 | MH2: 346 | MI2: 347 | MJ2: 348 | MK2: 349 | ML2: 350 | MM2: 351 | MN2: 352 | MO2: 353 | MP2: 354 | MQ2: 355 | MR2: 356 | MS2: 357 | MT2: 358 | MU2: 359 | MV2: 360 | MW2: 361 | MX2: 362 | MY2: 363 | MZ2: 364 | NA2: 365 | NB2: 366 | NC2: 367 | ND2: 368 | NE2: 369 | NF2: 370 | NG2: 371 | NH2: 372 | NI2: 373 | NJ2: 374 | NK2: 375 | NL2: 376 | NM2: 377 | NN2: 378 | NO2: 379 | NP2: 380 | NQ2: 381 | NR2: 382 | NS2: 383 | NT2: 384 | NU2: 385 | NV2: 386 | NW2: 387 | NX2: 388 | NY2: 389 | NZ2: 390 | OA2: 391 | OB2: 392 | OC2: 393 | OD2: 394 | OE2: 395 | OF2: 396 | OG2: 397 | OH2: 398 | OI2: 399 | OJ2: 400 | OK2: 401 | OL2: 402 | OM2: 403 | ON2: 404 | OO2: 405 | OP2: 406 | OQ2: 407 | OR2: 408 | OS2: 409 | OT2: 410 | OU2: 411 | OV2: 412 | OW2: 413 | OX2: 414 | OY2: 415 | OZ2: 416 | PA2: 417 | PB2: 418 | PC2: 419 | PD2: 420 | PE2: 421 | PF2: 422 | PG2: 423 | PH2: 424 | PI2: 425 | PJ2: 426 | PK2: 427 | PL2: 428 | PM2: 429 | PN2: 430 | PO2: 431 | PP2: 432 | PQ2: 433 | PR2: 434 | PS2: 435 | PT2: 436 | PU2: 437 | PV2: 438 | PW2: 439 | PX2: 440 | PY2: 441 | PZ2: 442 | QA2: 443 | QB2: 444 | QC2: 445 | QD2: 446 | QE2: 447 | QF2: 448 | QG2: 449 | QH2: 450 | QI2: 451 | QJ2: 452 | QK2: 453 | QL2: 454 | QM2: 455 | QN2: 456 | QO2: 457 | QP2: 458 | QQ2: 459 | QR2: 460 | QS2: 461 | QT2: 462 | QU2: 463 | QV2: 464 | QW2: 465 | QX2: 466 | QY2: 467 | QZ2: 468 | RA2: 469 | RB2: 470 | RC2: 471 | RD2: 472 | RE2: 473 | RF2: 474 | RG2: 475 | RH2: 476 | RI2: 477 | RJ2: 478 | RK2: 479 | RL2: 480 | RM2: 481 | RN2: 482 | RO2: 483 | RP2: 484 | RQ2: 485 | RR2: 486 | RS2: 487 | RT2: 488 | RU2: 489 | RV2: 490 | RW2: 491 | RX2: 492 | RY2: 493 | RZ2: 494 | SA2: 495 | SB2: 496 | SC2: 497 | SD2: 498 | SE2: 499 | SF2: 500 | SG2: 501 | SH2: 502 | SI2: 503 | SJ2: 504 | SK2: 505 | SL2: 506 | SM2: 507 | SN2: 508 | SO2: 509 | SP2: 510 | SQ2: 511 | SR2: 512 | SS2: 513 | ST2: 514 | SU2: 515 | SV2: 516 | SW2: 517 | SX2: 518 | SY2: 519 | SZ2: 520 | TA2: 521 | TB2: 522 | TC2: 523 | TD2: 524 | TE2: 525 | TF2: 526 | TG2: 527 | TH2: 528 | TI2: 529 | TJ2: 530 | TK2: 531 | TL2: 532 | TM2: 533 | TN2: 534 | TO2: 535 | TP2: 536 | TQ2: 537 | TR2: 538 | TS2: 539 | TT2: 540 | TU2: 541 | TV2: 542 | TW2: 543 | TX2: 544 | TY2: 545 | TZ2: 546 | UA2: 547 | UB2: 548 | UC2: 549 | UD2: 550 | UE2: 551 | UF2: 552 | UG2: 553 | UH2: 554 | UI2: 555 | UJ2: 556 | UK2: 557 | UL2: 558 | UM2: 559 | UN2: 560 | UO2: 561 | UP2: 562 | UQ2: 563 | UR2: 564 | US2: 565 | UT2: 566 | UU2: 567 | UV2: 568 | UW2: 569 | UX2: 570 | UY2: 571 | UZ2: 572 | VA2: 573 | VB2: 574 | VC2: 575 | VD2: 576 | VE2: 577 | VF2: 578 | VG2: 579 | VH2: 580 | VI2: 581 | VJ2: 582 | VK2: 583 | VL2: 584 | VM2: 585 | VN2: 586 | VO2: 587 | VP2: 588 | VQ2: 589 | VR2: 590 | VS2: 591 | VT2: 592 | VU2: 593 | VV2: 594 | VW2: 595 | VX2: 596 | VY2: 597 | VZ2: 598 | WA2: 599 | WB2: 600 | WC2: 601 | WD2: 602 | WE2: 603 | WF2: 604 | WG2: 605 | WH2: 606 | WI2: 607 | WJ2: 608 | WK2: 609 | WL2: 610 | WM2: 611 | WN2: 612 | WO2: 613 | WP2: 614 | WQ2: 615 | WR2: 616 | WS2: 617 | WT2: 618 | WU2: 619 | WV2: 620 | WW2: 621 | WX2: 622 | WY2: 623 | WZ2: 624 | XA2: 625 | XB2: 626 | XC2: 627 | XD2: 628 | XE2: 629 | XF2: 630 | XG2: 631 | XH2: 632 | XI2: 633 | XJ2: 634 | XK2: 635 | XL2: 636 | XM2: 637 | XN2: 638 | XO2: 639 | XP2: 640 | XQ2: 641 | XR2: 642 | XS2: 643 | XT2: 644 | XU2: 645 | XV2: 646 | XW2: 647 | XX2: 648 | XY2: 649 | XZ2: 650 | YA2: 651 | YB2: 652 | YC2: 653 | YD2: 654 | YE2: 655 | YF2: 656 | YG2: 657 | YH2: 658 | YI2: 659 | YJ2: 660 | YK2: 661 | YL2: 662 | YM2: 663 | YN2: 664 | YO2: 665 | YP2: 666 | YQ2: 667 | YR2: 668 | YS2: 669 | YT2: 670 | YU2: 671 | YV2: 672 | YW2: 673 | YX2: 674 | YY2: 675 | YZ2: 676 | ZA2: 677 | ZB2: 678 | ZC2: 679 | ZD2: 680 | ZE2: 681 | ZF2: 682 | ZG2: 683 | ZH2: 684 | ZI2: 685 | ZJ2: 686 | ZK2: 687 | ZL2: 688 | ZM2: 689 | ZN2: 690 | ZO2: 691 | ZP2: 692 | ZQ2: 693 | ZR2: 694 | ZS2: 695 | ZT2: 696 | ZU2: 697 | ZV2: 698 | ZW2: 699 | ZX2: 700 | ZY2: 701 | ZZ2: 702 | AAA2: 703 | AAB2: 704 | AAC2: 705 | AAD2: 706 | AAE2: 707 | AAF2: 708 | AAG2: 709 | AAH2: 710 | AAI2: 711 | AAJ2: 712 | AAK2: 713 | AAL2: 714 | AAM2: 715 | AAN2: 716 | AAO2: 717 | AAP2: 718 | AAQ2: 719 | AAR2: 720 | AAS2: 721 | AAT2: 722 | AAU2: 723 | AAV2: 724 | AAW2: 725 | AAX2: 726 | AAY2: 727 | AAZ2: 728 | ABA2: 729 | ABB2: 730 | ABC2: 731 | ABD2: 732 | ABE2: 733 | ABF2: 734 | ABG2: 735 | ABH2: 736 | ABI2: 737 | ABJ2: 738 | ABK2: 739 | ABL2: 740 | ABM2: 741 | ABN2: 742 | ABO2: 743 | ABP2: 744 | ABQ2: 745 | ABR2: 746 | ABS2: 747 | ABT2: 748 | ABU2: 749 | ABV2: 750 | ABW2: 751 | ABX2: 752 | ABY2: 753 | ABZ2: 754 | ACA2: 755 | ACB2: 756 | ACC2: 757 | ACD2: 758 | ACE2: 759 | ACF2: 760 | ACG2: 761 | ACH2: 762 | ACI2: 763 | ACJ2: 764 | ACK2: 765 | ACL2: 766 | ACM2: 767 | ACN2: 768 | ACO2: 769 | ACP2: 770 | ACQ2: 771 | ACR2: 772 | ACS2: 773 | ACT2: 774 | ACU2: 775 | ACV2: 776 | ACW2: 777 | ACX2: 778 | ACY2: 779 | ACZ2: 780 | ADA2: 781 | ADB2: 782 | ADC2: 783 | ADD2: 784 | ADE2: 785 | ADF2: 786 | ADG2: 787 | ADH2: 788 | ADI2: 789 | ADJ2: 790 | ADK2: 791 | ADL2: 792 | ADM2: 793 | ADN2: 794 | ADO2: 795 | ADP2: 796 | ADQ2: 797 | ADR2: 798 | ADS2: 799 | ADT2: 800 | ADU2: 801 | ADV2: 802 | ADW2: 803 | ADX2: 804 | ADY2: 805 | ADZ2: 806 | AEA2: 807 | AEB2: 808 | AEC2: 809 | AED2: 810 | AEE2: 811 | AEF2: 812 | AEG2: 813 | AEH2: 814 | AEI2: 815 | AEJ2: 816 | AEK2: 817 | AEL2: 818 | AEM2: 819 | AEN2: 820 | AEO2: 821 | AEP2: 822 | AEQ2: 823 | AER2: 824 | AES2: 825 | AET2: 826 | AEU2: 827 | AEV2: 828 | AEW2: 829 | AEX2: 830 | AEY2: 831 | AEZ2: 832 | AFA2: 833 | AFB2: 834 | AFC2: 835 | AFD2: 836 | AFE2: 837 | AFF2: 838 | AFG2: 839 | AFH2: 840 | AFI2: 841 | AFJ2: 842 | AFK2: 843 | AFL2: 844 | AFM2: 845 | AFN2: 846 | AFO2: 847 | AFP2: 848 | AFQ2: 849 | AFR2: 850 | AFS2: 851 | AFT2: 852 | AFU2: 853 | AFV2: 854 | AFW2: 855 | AFX2: 856 | AFY2: 857 | AFZ2: 858 | AGA2: 859 | AGB2: 860 | AGC2: 861 | AGD2: 862 | AGE2: 863 | AGF2: 864 | AGG2: 865 | AGH2: 866 | AGI2: 867 | AGJ2: 868 | AGK2: 869 | AGL2: 870 | AGM2: 871 | AGN2: 872 | AGO2: 873 | AGP2: 874 | AGQ2: 875 | AGR2: 876 | AGS2: 877 | AGT2: 878 | AGU2: 879 | AGV2: 880 | AGW2: 881 | AGX2: 882 | AGY2: 883 | AGZ2: 884 | AHA2: 885 | AHB2: 886 | AHC2: 887 | AHD2: 888 | AHE2: 889 | AHF2: 890 | AHG2: 891 | AHH2: 892 | AHI2: 893 | AHJ2: 894 | AHK2: 895 | AHL2: 896 | AHM2: 897 | AHN2: 898 | AHO2: 899 | AHP2: 900 | AHQ2: 901 | AHR2: 902 | AHS2: 903 | AHT2: 904 | AHU2: 905 | AHV2: 906 | AHW2: 907 | AHX2: 908 | AHY2: 909 | AHZ2: 910 | AIA2: 911 | AIB2: 912 | AIC2: 913 | AID2: 914 | AIE2: 915 | AIF2: 916 | AIG2: 917 | AIH2: 918 | AII2: 919 | AIJ2: 920 | AIK2: 921 | AIL2: 922 | AIM2: 923 | AIN2: 924 | AIO2: 925 | AIP2: 926 | AIQ2: 927 | AIR2: 928 | AIS2: 929 | AIT2: 930 | AIU2: 931 | AIV2: 932 | AIW2: 933 | AIX2: 934 | AIY2: 935 | AIZ2: 936 | AJA2: 937 | AJB2: 938 | AJC2: 939 | AJD2: 940 | AJE2: 941 | AJF2: 942 | AJG2: 943 | AJH2: 944 | AJI2: 945 | AJJ2: 946 | AJK2: 947 | AJL2: 948 | AJM2: 949 | AJN2: 950 | AJO2: 951 | AJP2: 952 | AJQ2: 953 | AJR2: 954 | AJS2: 955 | AJT2: 956 | AJU2: 957 | AJV2: 958 | AJW2: 959 | AJX2: 960 | AJY2: 961 | AJZ2: 962 | AKA2: 963 | AKB2: 964 | AKC2: 965 | AKD2: 966 | AKE2: 967 | AKF2: 968 | AKG2: 969 | AKH2: 970 | AKI2: 971 | AKJ2: 972 | AKK2: 973 | AKL2: 974 | AKM2: 975 | AKN2: 976 | AKO2: 977 | AKP2: 978 | AKQ2: 979 | AKR2: 980 | AKS2: 981 | AKT2: 982 | AKU2: 983 | AKV2: 984 | AKW2: 985 | AKX2: 986 | AKY2: 987 | AKZ2: 988 | ALA2: 989 | ALB2: 990 | ALC2: 991 | ALD2: 992 | ALE2: 993 | ALF2: 994 | ALG2: 995 | ALH2: 996 | ALI2: 997 | ALJ2: 998 | ALK2: 999 | ALL2: 1000 | ALM2: 1001 | ALN2: 1002 | ALO2: 1003 | ALP2: 1004 | ALQ2: 1005 | ALR2: 1006 | ALS2: 1007 | ALT2: 1008 | ALU2: 1009 | ALV2: 1010 | ALW2: 1011 | ALX2: 1012 | ALY2: 1013 | ALZ2: 1014 | AMA2: 1015 | AMB2: 1016 | AMC2: 1017 | AMD2: 1018 | AME2: 1019 | AMF2: 1020 | AMG2: 1021 | AMH2: 1022 | AMI2: 1023 | AMJ2: 1024 | AMK2: 1025 | AML2: 1026 | AMM2: 1027 | AMN2: 1028 | AMO2: 1029 | AMP2: 1030 | AMQ2: 1031 | AMR2: 1032 | AMS2: 1033 | AMT2: 1034 | AMU2: 1035 | AMV2: 1036 | AMW2: 1037 | AMX2: 1038 | AMY2: 1039 | AMZ2: 1040 | ANA2: 1041 | ANB2: 1042 | ANC2: 1043 | AND2: 1044 | ANE2: 1045 | ANF2: 1046 | ANG2: 1047 | ANH2: 1048 | ANI2: 1049 | ANJ2: 1050 | ANK2: 1051 | ANL2: 1052 | ANM2: 1053 | ANN2: 1054 | ANO2: 1055 | ANP2: 1056 | ANQ2: 1057 | ANR2: 1058 | ANS2: 1059 | ANT2: 1060 | ANU2: 1061 | ANV2: 1062 | ANW2: 1063 | ANX2: 1064 | ANY2: 1065 | ANZ2: 1066 | AOA2: 1067 | AOB2: 1068 | AOC2: 1069 | AOD2: 1070 | AOE2: 1071 | AOF2: 1072 | AOG2: 1073 | AOH2: 1074 | AOI2: 1075 | AOJ2: 1076 | AOK2: 1077 | AOL2: 1078 | AOM2: 1079 | AON2: 1080 | AOO2: 1081 | AOP2: 1082 | AOQ2: 1083 | AOR2: 1084 | AOS2: 1085 | AOT2: 1086 | AOU2: 1087 | AOV2: 1088 | AOW2: 1089 | AOX2: 1090 | AOY2: 1091 | AOZ2: 1092 | APA2: 1093 | APB2: 1094 | APC2: 1095 | APD2: 1096 | APE2: 1097 | APF2: 1098 | APG2: 1099 | APH2: 1100 | API2: 1101 | APJ2: 1102 | APK2: 1103 | APL2: 1104 | APM2: 1105 | APN2: 1106 | APO2: 1107 | APP2: 1108 | APQ2: 1109 | APR2: 1110 | APS2: 1111 | APT2: 1112 | APU2: 1113 | APV2: 1114 | APW2: 1115 | APX2: 1116 | APY2: 1117 | APZ2: 1118 | AQA2: 1119 | AQB2: 1120 | AQC2: 1121 | AQD2: 1122 | AQE2: 1123 | AQF2: 1124 | AQG2: 1125 | AQH2: 1126 | AQI2: 1127 | AQJ2: 1128 | AQK2: 1129 | AQL2: 1130 | AQM2: 1131 | AQN2: 1132 | AQO2: 1133 | AQP2: 1134 | AQQ2: 1135 | AQR2: 1136 | AQS2: 1137 | AQT2: 1138 | AQU2: 1139 | AQV2: 1140 | AQW2: 1141 | AQX2: 1142 | AQY2: 1143 | AQZ2: 1144 | ARA2: 1145 | ARB2: 1146 | ARC2: 1147 | ARD2: 1148 | ARE2: 1149 | ARF2: 1150 | ARG2: 1151 | ARH2: 1152 | ARI2: 1153 | ARJ2: 1154 | ARK2: 1155 | ARL2: 1156 | ARM2: 1157 | ARN2: 1158 | ARO2: 1159 | ARP2: 1160 | ARQ2: 1161 | ARR2: 1162 | ARS2: 1163 | ART2: 1164 | ARU2: 1165 | ARV2: 1166 | ARW2: 1167 | ARX2: 1168 | ARY2: 1169 | ARZ2: 1170 | ASA2: 1171 | ASB2: 1172 | ASC2: 1173 | ASD2: 1174 | ASE2: 1175 | ASF2: 1176 | ASG2: 1177 | ASH2: 1178 | ASI2: 1179 | ASJ2: 1180 | ASK2: 1181 | ASL2: 1182 | ASM2: 1183 | ASN2: 1184 | ASO2: 1185 | ASP2: 1186 | ASQ2: 1187 | ASR2: 1188 | ASS2: 1189 | AST2: 1190 | ASU2: 1191 | ASV2: 1192 | ASW2: 1193 | ASX2: 1194 | ASY2: 1195 | ASZ2: 1196 | ATA2: 1197 | ATB2: 1198 | ATC2: 1199 | ATD2: 1200 | ATE2: 1201 | ATF2: 1202 | ATG2: 1203 | ATH2: 1204 | ATI2: 1205 | ATJ2: 1206 | ATK2: 1207 | ATL2: 1208 | ATM2: 1209 | ATN2: 1210 | ATO2: 1211 | ATP2: 1212 | ATQ2: 1213 | ATR2: 1214 | ATS2: 1215 | ATT2: 1216 | ATU2: 1217 | ATV2: 1218 | ATW2: 1219 | ATX2: 1220 | ATY2: 1221 | ATZ2: 1222 | AUA2: 1223 | AUB2: 1224 | AUC2: 1225 | AUD2: 1226 | AUE2: 1227 | AUF2: 1228 | AUG2: 1229 | AUH2: 1230 | AUI2: 1231 | AUJ2: 1232 | AUK2: 1233 | AUL2: 1234 | AUM2: 1235 | AUN2: 1236 | AUO2: 1237 | AUP2: 1238 | AUQ2: 1239 | AUR2: 1240 | AUS2: 1241 | AUT2: 1242 | AUU2: 1243 | AUV2: 1244 | AUW2: 1245 | AUX2: 1246 | AUY2: 1247 | AUZ2: 1248 | AVA2: 1249 | AVB2: 1250 | AVC2: 1251 | AVD2: 1252 | AVE2: 1253 | AVF2: 1254 | AVG2: 1255 | AVH2: 1256 | AVI2: 1257 | AVJ2: 1258 | AVK2: 1259 | AVL2: 1260 | AVM2: 1261 | AVN2: 1262 | AVO2: 1263 | AVP2: 1264 | AVQ2: 1265 | AVR2: 1266 | AVS2: 1267 | AVT2: 1268 | AVU2: 1269 | AVV2: 1270 | AVW2: 1271 | AVX2: 1272 | AVY2: 1273 | AVZ2: 1274 | AWA2: 1275 | AWB2: 1276 | AWC2: 1277 | AWD2: 1278 | AWE2: 1279 | AWF2: 1280 | AWG2: 1281 | AWH2: 1282 | AWI2: 1283 | AWJ2: 1284 | AWK2: 1285 | AWL2: 1286 | AWM2: 1287 | AWN2: 1288 | AWO2: 1289 | AWP2: 1290 | AWQ2: 1291 | AWR2: 1292 | AWS2: 1293 | AWT2: 1294 | AWU2: 1295 | AWV2: 1296 | AWW2: 1297 | AWX2: 1298 | AWY2: 1299 | AWZ2: 1300 | AXA2: 1301 | AXB2: 1302 | AXC2: 1303 | AXD2: 1304 | AXE2: 1305 | AXF2: 1306 | AXG2: 1307 | AXH2: 1308 | AXI2: 1309 | AXJ2: 1310 | AXK2: 1311 | AXL2: 1312 | AXM2: 1313 | AXN2: 1314 | AXO2: 1315 | AXP2: 1316 | AXQ2: 1317 | AXR2: 1318 | AXS2: 1319 | AXT2: 1320 | AXU2: 1321 | AXV2: 1322 | AXW2: 1323 | AXX2: 1324 | AXY2: 1325 | AXZ2: 1326 | AYA2: 1327 | AYB2: 1328 | AYC2: 1329 | AYD2: 1330 | AYE2: 1331 | AYF2: 1332 | AYG2: 1333 | AYH2: 1334 | AYI2: 1335 | AYJ2: 1336 | AYK2: 1337 | AYL2: 1338 | AYM2: 1339 | AYN2: 1340 | AYO2: 1341 | AYP2: 1342 | AYQ2: 1343 | AYR2: 1344 | AYS2: 1345 | AYT2: 1346 | AYU2: 1347 | AYV2: 1348 | AYW2: 1349 | AYX2: 1350 | AYY2: 1351 | AYZ2: 1352 | AZA2: 1353 | AZB2: 1354 | AZC2: 1355 | AZD2: 1356 | AZE2: 1357 | AZF2: 1358 | AZG2: 1359 | AZH2: 1360 | AZI2: 1361 | AZJ2: 1362 | AZK2: 1363 | AZL2: 1364 | AZM2: 1365 | AZN2: 1366 | AZO2: 1367 | AZP2: 1368 | AZQ2: 1369 | AZR2: 1370 | AZS2: 1371 | AZT2: 1372 | AZU2: 1373 | AZV2: 1374 | AZW2: 1375 | AZX2: 1376 | AZY2: 1377 | AZZ2: 1378 | BAA2: 1379 | BAB2: 1380 | BAC2: 1381 | BAD2: 1382 | BAE2: 1383 | BAF2: 1384 | BAG2: 1385 | BAH2: 1386 | BAI2: 1387 | BAJ2: 1388 | BAK2: 1389 | BAL2: 1390 | BAM2: 1391 | BAN2: 1392 | BAO2: 1393 | BAP2: 1394 | BAQ2: 1395 | BAR2: 1396 | BAS2: 1397 | BAT2: 1398 | BAU2: 1399 | BAV2: 1400 | BAW2: 1401 | BAX2: 1402 | BAY2: 1403 | BAZ2: 1404 | BBA2: 1405 | BBB2: 1406 | BBC2: 1407 | BBD2: 1408 | BBE2: 1409 | BBF2: 1410 | BBG2: 1411 | BBH2: 1412 | BBI2: 1413 | BBJ2: 1414 | BBK2: 1415 | BBL2: 1416 | BBM2: 1417 | BBN2: 1418 | BBO2: 1419 | BBP2: 1420 | BBQ2: 1421 | BBR2: 1422 | BBS2: 1423 | BBT2: 1424 | BBU2: 1425 | BBV2: 1426 | BBW2: 1427 | BBX2: 1428 | BBY2: 1429 | BBZ2: 1430 | BCA2: 1431 | BCB2: 1432 | BCC2: 1433 | BCD2: 1434 | BCE2: 1435 | BCF2: 1436 | BCG2: 1437 | BCH2: 1438 | BCI2: 1439 | BCJ2: 1440 | BCK2: 1441 | BCL2: 1442 | BCM2: 1443 | BCN2: 1444 | BCO2: 1445 | BCP2: 1446 | BCQ2: 1447 | BCR2: 1448 | BCS2: 1449 | BCT2: 1450 | BCU2: 1451 | BCV2: 1452 | BCW2: 1453 | BCX2: 1454 | BCY2: 1455 | BCZ2: 1456 | BDA2: 1457 | BDB2: 1458 | BDC2: 1459 | BDD2: 1460 | BDE2: 1461 | BDF2: 1462 | BDG2: 1463 | BDH2: 1464 | BDI2: 1465 | BDJ2: 1466 | BDK2: 1467 | BDL2: 1468 | BDM2: 1469 | BDN2: 1470 | BDO2: 1471 | BDP2: 1472 | BDQ2: 1473 | BDR2: 1474 | BDS2: 1475 | BDT2: 1476 | BDU2: 1477 | BDV2: 1478 | BDW2: 1479 | BDX2: 1480 | BDY2: 1481 | BDZ2: 1482 | BEA2: 1483 | BEB2: 1484 | BEC2: 1485 | BED2: 1486 | BEE2: 1487 | BEF2: 1488 | BEG2: 1489 | BEH2: 1490 | BEI2: 1491 | BEJ2: 1492 | BEK2: 1493 | BEL2: 1494 | BEM2: 1495 | BEN2: 1496 | BEO2: 1497 | BEP2: 1498 | BEQ2: 1499 | BER2: 1500 | BES2: 1501 | BET2: 1502 | BEU2: 1503 | BEV2: 1504 | BEW2: 1505 | BEX2: 1506 | BEY2: 1507 | BEZ2: 1508 | BFA2: 1509 | BFB2: 1510 | BFC2: 1511 | BFD2: 1512 | BFE2: 1513 | BFF2: 1514 | BFG2: 1515 | BFH2: 1516 | BFI2: 1517 | BFJ2: 1518 | BFK2: 1519 | BFL2: 1520 | BFM2: 1521 | BFN2: 1522 | BFO2: 1523 | BFP2: 1524 | BFQ2: 1525 | BFR2: 1526 | BFS2: 1527 | BFT2: 1528 | BFU2: 1529 | BFV2: 1530 | BFW2: 1531 | BFX2: 1532 | BFY2: 1533 | BFZ2: 1534 | BGA2: 1535 | BGB2: 1536 | BGC2: 1537 | BGD2: 1538 | BGE2: 1539 | BGF2: 1540 | BGG2: 1541 | BGH2: 1542 | BGI2: 1543 | BGJ2: 1544 | BGK2: 1545 | BGL2: 1546 | BGM2: 1547 | BGN2: 1548 | BGO2: 1549 | BGP2: 1550 | BGQ2: 1551 | BGR2: 1552 | BGS2: 1553 | BGT2: 1554 | BGU2: 1555 | BGV2: 1556 | BGW2: 1557 | BGX2: 1558 | BGY2: 1559 | BGZ2: 1560 | BHA2: 1561 | BHB2: 1562 | BHC2: 1563 | BHD2: 1564 | BHE2: 1565 | BHF2: 1566 | BHG2: 1567 | BHH2: 1568 | BHI2: 1569 | BHJ2: 1570 | BHK2: 1571 | BHL2: 1572 | BHM2: 1573 | BHN2: 1574 | BHO2: 1575 | BHP2: 1576 | BHQ2: 1577 | BHR2: 1578 | BHS2: 1579 | BHT2: 1580 | BHU2: 1581 | BHV2: 1582 | BHW2: 1583 | BHX2: 1584 | BHY2: 1585 | BHZ2: 1586 | BIA2: 1587 | BIB2: 1588 | BIC2: 1589 | BID2: 1590 | BIE2: 1591 | BIF2: 1592 | BIG2: 1593 | BIH2: 1594 | BII2: 1595 | BIJ2: 1596 | BIK2: 1597 | BIL2: 1598 | BIM2: 1599 | BIN2: 1600 | BIO2: 1601 | BIP2: 1602 | BIQ2: 1603 | BIR2: 1604 | BIS2: 1605 | BIT2: 1606 | BIU2: 1607 | BIV2: 1608 | BIW2: 1609 | BIX2: 1610 | BIY2: 1611 | BIZ2: 1612 | BJA2: 1613 | BJB2: 1614 | BJC2: 1615 | BJD2: 1616 | BJE2: 1617 | BJF2: 1618 | BJG2: 1619 | BJH2: 1620 | BJI2: 1621 | BJJ2: 1622 | BJK2: 1623 | BJL2: 1624 | BJM2: 1625 | BJN2: 1626 | BJO2: 1627 | BJP2: 1628 | BJQ2: 1629 | BJR2: 1630 | BJS2: 1631 | BJT2: 1632 | BJU2: 1633 | BJV2: 1634 | BJW2: 1635 | BJX2: 1636 | BJY2: 1637 | BJZ2: 1638 | BKA2: 1639 | BKB2: 1640 | BKC2: 1641 | BKD2: 1642 | BKE2: 1643 | BKF2: 1644 | BKG2: 1645 | BKH2: 1646 | BKI2: 1647 | BKJ2: 1648 | BKK2: 1649 | BKL2: 1650 | BKM2: 1651 | BKN2: 1652 | BKO2: 1653 | BKP2: 1654 | BKQ2: 1655 | BKR2: 1656 | BKS2: 1657 | BKT2: 1658 | BKU2: 1659 | BKV2: 1660 | BKW2: 1661 | BKX2: 1662 | BKY2: 1663 | BKZ2: 1664 | BLA2: 1665 | BLB2: 1666 | BLC2: 1667 | BLD2: 1668 | BLE2: 1669 | BLF2: 1670 | BLG2: 1671 | BLH2: 1672 | BLI2: 1673 | BLJ2: 1674 | BLK2: 1675 | BLL2: 1676 | BLM2: 1677 | BLN2: 1678 | BLO2: 1679 | BLP2: 1680 | BLQ2: 1681 | BLR2: 1682 | BLS2: 1683 | BLT2: 1684 | BLU2: 1685 | BLV2: 1686 | BLW2: 1687 | BLX2: 1688 | BLY2: 1689 | BLZ2: 1690 | BMA2: 1691 | BMB2: 1692 | BMC2: 1693 | BMD2: 1694 | BME2: 1695 | BMF2: 1696 | BMG2: 1697 | BMH2: 1698 | BMI2: 1699 | BMJ2: 1700 | BMK2: 1701 | BML2: 1702 | BMM2: 1703 | BMN2: 1704 | BMO2: 1705 | BMP2: 1706 | BMQ2: 1707 | BMR2: 1708 | BMS2: 1709 | BMT2: 1710 | BMU2: 1711 | BMV2: 1712 | BMW2: 1713 | BMX2: 1714 | BMY2: 1715 | BMZ2: 1716 | BNA2: 1717 | BNB2: 1718 | BNC2: 1719 | BND2: 1720 | BNE2: 1721 | BNF2: 1722 | BNG2: 1723 | BNH2: 1724 | BNI2: 1725 | BNJ2: 1726 | BNK2: 1727 | BNL2: 1728 | BNM2: 1729 | BNN2: 1730 | BNO2: 1731 | BNP2: 1732 | BNQ2: 1733 | BNR2: 1734 | BNS2: 1735 | BNT2: 1736 | BNU2: 1737 | BNV2: 1738 | BNW2: 1739 | BNX2: 1740 | BNY2: 1741 | BNZ2: 1742 | BOA2: 1743 | BOB2: 1744 | BOC2: 1745 | BOD2: 1746 | BOE2: 1747 | BOF2: 1748 | BOG2: 1749 | BOH2: 1750 | BOI2: 1751 | BOJ2: 1752 | BOK2: 1753 | BOL2: 1754 | BOM2: 1755 | BON2: 1756 | BOO2: 1757 | BOP2: 1758 | BOQ2: 1759 | BOR2: 1760 | BOS2: 1761 | BOT2: 1762 | BOU2: 1763 | BOV2: 1764 | BOW2: 1765 | BOX2: 1766 | BOY2: 1767 | BOZ2: 1768 | BPA2: 1769 | BPB2: 1770 | BPC2: 1771 | BPD2: 1772 | BPE2: 1773 | BPF2: 1774 | BPG2: 1775 | BPH2: 1776 | BPI2: 1777 | BPJ2: 1778 | BPK2: 1779 | BPL2: 1780 | BPM2: 1781 | BPN2: 1782 | BPO2: 1783 | BPP2: 1784 | BPQ2: 1785 | BPR2: 1786 | BPS2: 1787 | BPT2: 1788 | BPU2: 1789 | BPV2: 1790 | BPW2: 1791 | BPX2: 1792 | BPY2: 1793 | BPZ2: 1794 | BQA2: 1795 | BQB2: 1796 | BQC2: 1797 | BQD2: 1798 | BQE2: 1799 | BQF2: 1800 | BQG2: 1801 | BQH2: 1802 | BQI2: 1803 | BQJ2: 1804 | BQK2: 1805 | BQL2: 1806 | BQM2: 1807 | BQN2: 1808 | BQO2: 1809 | BQP2: 1810 | BQQ2: 1811 | BQR2: 1812 | BQS2: 1813 | BQT2: 1814 | BQU2: 1815 | BQV2: 1816 | BQW2: 1817 | BQX2: 1818 | BQY2: 1819 | BQZ2: 1820 | BRA2: 1821 | BRB2: 1822 | BRC2: 1823 | BRD2: 1824 | BRE2: 1825 | BRF2: 1826 | BRG2: 1827 | BRH2: 1828 | BRI2: 1829 | BRJ2: 1830 | BRK2: 1831 | BRL2: 1832 | BRM2: 1833 | BRN2: 1834 | BRO2: 1835 | BRP2: 1836 | BRQ2: 1837 | BRR2: 1838 | BRS2: 1839 | BRT2: 1840 | BRU2: 1841 | BRV2: 1842 | BRW2: 1843 | BRX2: 1844 | BRY2: 1845 | BRZ2: 1846 | BSA2: 1847 | BSB2: 1848 | BSC2: 1849 | BSD2: 1850 | BSE2: 1851 | BSF2: 1852 | BSG2: 1853 | BSH2: 1854 | BSI2: 1855 | BSJ2: 1856 | BSK2: 1857 | BSL2: 1858 | BSM2: 1859 | BSN2: 1860 | BSO2: 1861 | BSP2: 1862 | BSQ2: 1863 | BSR2: 1864 | BSS2: 1865 | BST2: 1866 | BSU2: 1867 | BSV2: 1868 | BSW2: 1869 | BSX2: 1870 | BSY2: 1871 | BSZ2: 1872 | BTA2: 1873 | BTB2: 1874 | BTC2: 1875 | BTD2: 1876 | BTE2: 1877 | BTF2: 1878 | BTG2: 1879 | BTH2: 1880 | BTI2: 1881 | BTJ2: 1882 | BTK2: 1883 | BTL2: 1884 | BTM2: 1885 | BTN2: 1886 | BTO2: 1887 | BTP2: 1888 | BTQ2: 1889 | BTR2: 1890 | BTS2: 1891 | BTT2: 1892 | BTU2: 1893 | BTV2: 1894 | BTW2: 1895 | BTX2: 1896 | BTY2: 1897 | BTZ2: 1898 | BUA2: 1899 | BUB2: 1900 | BUC2: 1901 | BUD2: 1902 | BUE2: 1903 | BUF2: 1904 | BUG2: 1905 | BUH2: 1906 | BUI2: 1907 | BUJ2: 1908 | BUK2: 1909 | BUL2: 1910 | BUM2: 1911 | BUN2: 1912 | BUO2: 1913 | BUP2: 1914 | BUQ2: 1915 | BUR2: 1916 | BUS2: 1917 | BUT2: 1918 | BUU2: 1919 | BUV2: 1920 | BUW2: 1921 | BUX2: 1922 | BUY2: 1923 | BUZ2: 1924 | BVA2: 1925 | BVB2: 1926 | BVC2: 1927 | BVD2: 1928 | BVE2: 1929 | BVF2: 1930 | BVG2: 1931 | BVH2: 1932 | BVI2: 1933 | BVJ2: 1934 | BVK2: 1935 | BVL2: 1936 | BVM2: 1937 | BVN2: 1938 | BVO2: 1939 | BVP2: 1940 | BVQ2: 1941 | BVR2: 1942 | BVS2: 1943 | BVT2: 1944 | BVU2: 1945 | BVV2: 1946 | BVW2: 1947 | BVX2: 1948 | BVY2: 1949 | BVZ2: 1950 | BWA2: 1951 | BWB2: 1952 | BWC2: 1953 | BWD2: 1954 | BWE2: 1955 | BWF2: 1956 | BWG2: 1957 | BWH2: 1958 | BWI2: 1959 | BWJ2: 1960 | BWK2: 1961 | BWL2: 1962 | BWM2: 1963 | BWN2: 1964 | BWO2: 1965 | BWP2: 1966 | BWQ2: 1967 | BWR2: 1968 | BWS2: 1969 | BWT2: 1970 | BWU2: 1971 | BWV2: 1972 | BWW2: 1973 | BWX2: 1974 | BWY2: 1975 | BWZ2: 1976 | BXA2: 1977 | BXB2: 1978 | BXC2: 1979 | BXD2: 1980 | BXE2: 1981 | BXF2: 1982 | BXG2: 1983 | BXH2: 1984 | BXI2: 1985 | BXJ2: 1986 | BXK2: 1987 | BXL2: 1988 | BXM2: 1989 | BXN2: 1990 | BXO2: 1991 | BXP2: 1992 | BXQ2: 1993 | BXR2: 1994 | BXS2: 1995 | BXT2: 1996 | BXU2: 1997 | BXV2: 1998 | BXW2: 1999 | BXX2: 2000 | BXY2: 2001 | BXZ2: 2002 | BYA2: 2003 | BYB2: 2004 | BYC2: 2005 | BYD2: 2006 | BYE2: 2007 | BYF2: 2008 | BYG2: 2009 | BYH2: 2010 | BYI2: 2011 | BYJ2: 2012 | BYK2: 2013 | BYL2: 2014 | BYM2: 2015 | BYN2: 2016 | BYO2: 2017 | BYP2: 2018 | BYQ2: 2019 | BYR2: 2020 | BYS2: 2021 | BYT2: 2022 | BYU2: 2023 | BYV2: 2024 | BYW2: 2025 | BYX2: 2026 | BYY2: 2027 | BYZ2: 2028 | BZA2: 2029 | BZB2: 2030 | BZC2: 2031 | BZD2: 2032 | BZE2: 2033 | BZF2: 2034 | BZG2: 2035 | BZH2: 2036 | BZI2: 2037 | BZJ2: 2038 | BZK2: 2039 | BZL2: 2040 | BZM2: 2041 | BZN2: 2042 | BZO2: 2043 | BZP2: 2044 | BZQ2: 2045 | BZR2: 2046 | BZS2: 2047 | BZT2: 2048 | BZU2: 2049 | BZV2: 2050 | BZW2: 2051 | BZX2: 2052 | BZY2: 2053 | BZZ2: 2054 | CAA2: 2055 | CAB2: 2056 | CAC2: 2057 | CAD2: 2058 | CAE2: 2059 | CAF2: 2060 | CAG2: 2061 | CAH2: 2062 | CAI2: 2063 | CAJ2: 2064 | CAK2: 2065 | CAL2: 2066 | CAM2: 2067 | CAN2: 2068 | CAO2: 2069 | CAP2: 2070 | CAQ2: 2071 | CAR2: 2072 | CAS2: 2073 | CAT2: 2074 | CAU2: 2075 | CAV2: 2076 | CAW2: 2077 | CAX2: 2078 | CAY2: 2079 | CAZ2: 2080 | CBA2: 2081 | CBB2: 2082 | CBC2: 2083 | CBD2: 2084 | CBE2: 2085 | CBF2: 2086 | CBG2: 2087 | CBH2: 2088 | CBI2: 2089 | CBJ2: 2090 | CBK2: 2091 | CBL2: 2092 | CBM2: 2093 | CBN2: 2094 | CBO2: 2095 | CBP2: 2096 | CBQ2: 2097 | CBR2: 2098 | CBS2: 2099 | CBT2: 2100 | CBU2: 2101 | CBV2: 2102 | CBW2: 2103 | CBX2: 2104 | CBY2: 2105 | CBZ2: 2106 | CCA2: 2107 | CCB2: 2108 | CCC2: 2109 | CCD2: 2110 | CCE2: 2111
A3: Synfuels (EJ)
A4: =mc_liquids_2050!B4 -> 7.6289443 | B4: =mc_liquids_2050!C4 -> 27.574232 | C4: =mc_liquids_2050!D4 -> 0 | D4: =mc_liquids_2050!E4 -> 0 | E4: =mc_liquids_2050!F4 -> 0 | F4: =mc_liquids_2050!G4 -> 0 | G4: =mc_liquids_2050!H4 -> 0 | H4: =mc_liquids_2050!I4 -> 0 | ... CCE4: =mc_liquids_2050!CCF4 -> 0
A5: Share of synfuels
A6: ='liquids graf'!B3/SUM('liquids graf'!B2:B6) -> 0.04467925 | B6: ='liquids graf'!C3/SUM('liquids graf'!C2:C6) -> 0.15847391 | C6: ='liquids graf'!D3/SUM('liquids graf'!D2:D6) -> #DIV/0! | D6: ='liquids graf'!E3/SUM('liquids graf'!E2:E6) -> #DIV/0! | E6: ='liquids graf'!F3/SUM('liquids graf'!F2:F6) -> #DIV/0! | F6: ='liquids graf'!G3/SUM('liquids graf'!G2:G6) -> #DIV/0! | G6: ='liquids graf'!H3/SUM('liquids graf'!H2:H6) -> #DIV/0! | H6: ='liquids graf'!I3/SUM('liquids graf'!I2:I6) -> #DIV/0! | ... CCE6: ='liquids graf'!CCF3/SUM('liquids graf'!CCF2:CCF6) -> #DIV/0!
A7: Oil based products
A8: ='liquids graf'!B2 -> 113.2407 | B8: ='liquids graf'!C2 -> 97.671605 | C8: ='liquids graf'!D2 -> 0 | D8: ='liquids graf'!E2 -> 0 | E8: ='liquids graf'!F2 -> 0 | F8: ='liquids graf'!G2 -> 0 | G8: ='liquids graf'!H2 -> 0 | H8: ='liquids graf'!I2 -> 0 | ... BXZ8: ='liquids graf'!BYA2 -> 0
A9: Carbon storage (MtCO2)
A10: =C_strg_agg!A2 -> 1615358 | B10: =C_strg_agg!B2 -> 970888.98 | C10: =C_strg_agg!C2 -> 0 | D10: =C_strg_agg!D2 -> 0 | E10: =C_strg_agg!E2 -> 0 | F10: =C_strg_agg!F2 -> 0 | G10: =C_strg_agg!G2 -> 0 | H10: =C_strg_agg!H2 -> 0 | ... CCE10: =C_strg_agg!CCE2 -> 0
A11: Biomass availability (related to base case)
A12: =bio!A2 -> 15.628099 | B12: =bio!B2 -> 28.921182 | C12: =bio!C2 -> 0 | D12: =bio!D2 -> 0 | E12: =bio!E2 -> 0 | F12: =bio!F2 -> 0 | G12: =bio!G2 -> 0 | H12: =bio!H2 -> 0 | ... CCE12: =bio!CCE2 -> 0
A13: VRE cost related to base case
A14: =VRE!A2 -> 0.51606341 | B14: =VRE!B2 -> 0.99598044 | C14: =VRE!C2 -> 0 | D14: =VRE!D2 -> 0 | E14: =VRE!E2 -> 0 | F14: =VRE!F2 -> 0 | G14: =VRE!G2 -> 0 | H14: =VRE!H2 -> 0 | ... CCE14: =VRE!CCE2 -> 0
A15: Carbon budget
A16: =mc_carbon_budget!A2 -> 557968.3 | B16: =mc_carbon_budget!B2 -> 557968.3 | C16: =mc_carbon_budget!C2 -> 0 | D16: =mc_carbon_budget!D2 -> 0 | E16: =mc_carbon_budget!E2 -> 0 | F16: =mc_carbon_budget!F2 -> 0 | G16: =mc_carbon_budget!G2 -> 0 | H16: =mc_carbon_budget!H2 -> 0 | ... AUP16: =mc_carbon_budget!AUP2 -> 0
A17: Biomass used for hydrogen production (EJ)
A18: =mc_h2feed_2050!B5 -> 18.935587 | B18: =mc_h2feed_2050!C5 -> 22.160205 | C18: =mc_h2feed_2050!D5 -> 0.12223433 | D18: =mc_h2feed_2050!E5 -> 2.3957234 | E18: =mc_h2feed_2050!F5 -> 13.903775 | F18: =mc_h2feed_2050!G5 -> 0 | G18: =mc_h2feed_2050!H5 -> 0 | H18: =mc_h2feed_2050!I5 -> 0 | ... AVQ18: =mc_h2feed_2050!AVR5 -> 0

Sheet batteries_lim
A1: 1 | B1: 2
A2: 0.7014631 | B2: -0.72333825
